issue_date,issue_time_utc,time_local,day_ahead,horizon_h,unit,p10,p50,p90,mean,y_plant,y_plant_raw
2025-12-31,2025-12-31 04:00:00,2026-01-01 00:00:00,1,14.0,plant,0.19990115789503982,0.6178431806518465,0.9137462873715694,0.6587354339995143,0.015,0.015
2025-12-31,2025-12-31 04:00:00,2026-01-01 01:00:00,1,15.0,plant,0.14717106744979444,0.48584997354750353,0.8719978073083523,0.49913708222561004,0.16166666666666668,0.16166666666666668
2025-12-31,2025-12-31 04:00:00,2026-01-01 02:00:00,1,16.0,plant,0.23041459125267705,0.5896101934098972,0.9270621911908432,0.5843568539900876,0.6333333333333333,0.6333333333333333
2025-12-31,2025-12-31 04:00:00,2026-01-01 03:00:00,1,17.0,plant,0.297716875777885,0.7590660061895724,0.9665155612949102,0.7166288451307496,0.9824999999999999,0.9824999999999999
2025-12-31,2025-12-31 04:00:00,2026-01-01 04:00:00,1,18.0,plant,0.38624227099491953,0.8248439903579183,0.990466510845092,0.8200473979283825,0.9849999999999999,0.9849999999999999
2025-12-31,2025-12-31 04:00:00,2026-01-01 05:00:00,1,19.0,plant,0.20570967827119077,0.6187943599759682,0.9364425538850158,0.6076073861592471,0.9816666666666667,0.9816666666666667
2025-12-31,2025-12-31 04:00:00,2026-01-01 06:00:00,1,20.0,plant,0.09146496288950537,0.5890696373636555,0.8131854483769545,0.49507029776921746,0.9566666666666667,0.9566666666666667
2025-12-31,2025-12-31 04:00:00,2026-01-01 07:00:00,1,21.0,plant,0.08261438443074248,0.5483137803410097,0.7542660887227014,0.48172886679981525,0.8208333333333333,0.8208333333333333
2025-12-31,2025-12-31 04:00:00,2026-01-01 08:00:00,1,22.0,plant,0.05859081003116841,0.3172165949319622,0.682134001695843,0.39202593092060417,0.5783333333333334,0.5783333333333334
2025-12-31,2025-12-31 04:00:00,2026-01-01 09:00:00,1,23.0,plant,0.031043691240156386,0.20847686693834627,0.4607700975720239,0.2645101892575069,0.4216666666666667,0.4216666666666667
2025-12-31,2025-12-31 04:00:00,2026-01-01 10:00:00,1,24.0,plant,0.017001130436425965,0.183178077716461,0.2631445859389033,0.2142938855863304,0.33499999999999996,0.33499999999999996
2025-12-31,2025-12-31 04:00:00,2026-01-01 11:00:00,1,25.0,plant,0.005922655621846834,0.09191755669322368,0.14858369989681938,0.12000813644078587,0.11333333333333334,0.11333333333333334
2025-12-31,2025-12-31 04:00:00,2026-01-01 12:00:00,1,26.0,plant,0.0050841760868119605,0.04045677299593883,0.11879557199503682,0.09715322333105131,0.05083333333333334,0.05083333333333334
2025-12-31,2025-12-31 04:00:00,2026-01-01 13:00:00,1,27.0,plant,0.002989504887738313,0.02352586846443303,0.09974762298697999,0.06817549004333706,0.06666666666666668,0.06666666666666668
2025-12-31,2025-12-31 04:00:00,2026-01-01 14:00:00,1,28.0,plant,0.004283816596702084,0.03598055996351983,0.09987812317958764,0.07905337743337969,0.02,0.02
2025-12-31,2025-12-31 04:00:00,2026-01-01 15:00:00,1,29.0,plant,0.0038816435584443183,0.08250573611321538,0.2370861797443648,0.1322425724317422,0.009166666666666667,0.009166666666666667
2025-12-31,2025-12-31 04:00:00,2026-01-01 16:00:00,1,30.0,plant,0.006779709089163776,0.10554064213884634,0.3244099398087454,0.1544189317618871,0.01,0.01
2025-12-31,2025-12-31 04:00:00,2026-01-01 17:00:00,1,31.0,plant,0.007573295348709705,0.08870802825116376,0.3175260651648377,0.16735233544105887,0.011666666666666667,0.011666666666666667
2025-12-31,2025-12-31 04:00:00,2026-01-01 18:00:00,1,32.0,plant,0.0055274463392059525,0.08700624466104472,0.2675272823457083,0.18754689167799105,0.023333333333333334,0.023333333333333334
2025-12-31,2025-12-31 04:00:00,2026-01-01 19:00:00,1,33.0,plant,0.005573351002687338,0.08486440366455925,0.3276650812792523,0.19389729439397568,0.019166666666666665,0.019166666666666665
2025-12-31,2025-12-31 04:00:00,2026-01-01 20:00:00,1,34.0,plant,0.005500796202756317,0.0800116402221516,0.3355373793328035,0.1439186912425175,0.07500000000000001,0.07500000000000001
2025-12-31,2025-12-31 04:00:00,2026-01-01 21:00:00,1,35.0,plant,0.005590196070131893,0.07197726563896897,0.31993409730250466,0.13993994514337,0.07083333333333333,0.07083333333333333
2025-12-31,2025-12-31 04:00:00,2026-01-01 22:00:00,1,36.0,plant,0.00587245379400285,0.06171490360832284,0.2578169430808463,0.14711798695394038,0.04166666666666667,0.04166666666666667
2025-12-31,2025-12-31 04:00:00,2026-01-01 23:00:00,1,37.0,plant,0.00592185378796383,0.07635999555997539,0.1983814219997135,0.13452692293935897,0.009166666666666667,0.009166666666666667
2025-12-31,2025-12-31 04:00:00,2026-01-02 00:00:00,2,38.0,plant,0.0038125871715256063,0.053595196888008526,0.17601709905947868,0.11911310205792652,0.01,0.01
2025-12-31,2025-12-31 04:00:00,2026-01-02 01:00:00,2,39.0,plant,0.0038954144538836605,0.035171324629731146,0.1536786858297863,0.10639716356190024,0.009166666666666667,0.009166666666666667
2025-12-31,2025-12-31 04:00:00,2026-01-02 02:00:00,2,40.0,plant,0.004013226923722722,0.03536452143100507,0.1326376935579811,0.11224497665951282,0.01,0.01
2025-12-31,2025-12-31 04:00:00,2026-01-02 03:00:00,2,41.0,plant,0.004132386562272499,0.038244120874667824,0.1672001700881322,0.10796920499346667,0.01,0.01
2025-12-31,2025-12-31 04:00:00,2026-01-02 04:00:00,2,42.0,plant,0.003922678144110905,0.027161681420402494,0.11104433021683023,0.09458961413723041,0.0075,0.0075
2025-12-31,2025-12-31 04:00:00,2026-01-02 05:00:00,2,43.0,plant,0.0038616554461379333,0.03033429022951194,0.13365049622073238,0.09101873352474403,0.01,0.01
2025-12-31,2025-12-31 04:00:00,2026-01-02 06:00:00,2,44.0,plant,0.0028868798322223667,0.03743514616950085,0.1415926922090276,0.09743256367688975,0.01,0.01
2025-12-31,2025-12-31 04:00:00,2026-01-02 07:00:00,2,45.0,plant,0.0037464909597581296,0.028288177947425285,0.13680250754241874,0.07720736391779233,0.01,0.01
2025-12-31,2025-12-31 04:00:00,2026-01-02 08:00:00,2,46.0,plant,0.0032667998277861763,0.018050058855756435,0.10470444414962042,0.07918790078046381,0.01,0.01
2025-12-31,2025-12-31 04:00:00,2026-01-02 09:00:00,2,47.0,plant,0.003448374001756303,0.019150523716347533,0.14092607089306658,0.09133825123142826,0.07583333333333334,0.07583333333333334
2025-12-31,2025-12-31 04:00:00,2026-01-02 10:00:00,2,48.0,plant,0.005134667993985812,0.05796180494149939,0.23427313631177346,0.11347967192295424,0.2733333333333333,0.2733333333333333
2025-12-31,2025-12-31 04:00:00,2026-01-02 11:00:00,2,49.0,plant,0.011739573442289795,0.12260679841615801,0.39074859692167424,0.1768906119315792,0.3908333333333333,0.3908333333333333
2025-12-31,2025-12-31 04:00:00,2026-01-02 12:00:00,2,50.0,plant,0.027208650404367454,0.20289834518332622,0.6355146648296144,0.27154638644755397,0.6616666666666666,0.6616666666666666
2025-12-31,2025-12-31 04:00:00,2026-01-02 13:00:00,2,51.0,plant,0.03876881825061652,0.2605523080666268,0.6559946278961355,0.32507340839257404,0.8641666666666666,0.8641666666666666
2025-12-31,2025-12-31 04:00:00,2026-01-02 14:00:00,2,52.0,plant,0.04122595639330354,0.2646289895867193,0.6506478952344708,0.3639599129513983,0.7275,0.7275
2025-12-31,2025-12-31 04:00:00,2026-01-02 15:00:00,2,53.0,plant,0.029543914408754004,0.2532935109512813,0.7052675520722481,0.32548536378032394,0.5783333333333334,0.5783333333333334
2025-12-31,2025-12-31 04:00:00,2026-01-02 16:00:00,2,54.0,plant,0.034340710036810856,0.26705753230866547,0.8018643996374005,0.3460245234438567,0.42833333333333334,0.42833333333333334
2025-12-31,2025-12-31 04:00:00,2026-01-02 17:00:00,2,55.0,plant,0.039366246841881745,0.25886692461060673,0.7382514106400868,0.3681152813555046,0.3691666666666667,0.3691666666666667
2025-12-31,2025-12-31 04:00:00,2026-01-02 18:00:00,2,56.0,plant,0.044313683653424536,0.2346107144022975,0.628342600054541,0.3399458337978033,0.4358333333333333,0.4358333333333333
2025-12-31,2025-12-31 04:00:00,2026-01-02 19:00:00,2,57.0,plant,0.04869689405943845,0.24022738759023032,0.6060692032627061,0.308249649155524,0.4575,0.4575
2025-12-31,2025-12-31 04:00:00,2026-01-02 20:00:00,2,58.0,plant,0.05581342969923269,0.25776645372365115,0.6889846566264575,0.338061244690597,0.6341666666666667,0.6341666666666667
2025-12-31,2025-12-31 04:00:00,2026-01-02 21:00:00,2,59.0,plant,0.05788344254213379,0.27261139836307524,0.6906726098258631,0.3419538406574818,0.8800000000000001,0.8800000000000001
2025-12-31,2025-12-31 04:00:00,2026-01-02 22:00:00,2,60.0,plant,0.07374309719776773,0.28761416349129826,0.7092897990818491,0.37190577175627965,0.635,0.635
2025-12-31,2025-12-31 04:00:00,2026-01-02 23:00:00,2,61.0,plant,0.10041084751584173,0.3388260720617317,0.8308869991704125,0.39866429841898643,0.3058333333333333,0.3058333333333333
2026-01-01,2026-01-01 04:00:00,2026-01-02 00:00:00,1,14.0,plant,0.00540195226132916,0.027090882958454,0.08346634768542224,0.07431154719542733,0.01,0.01
2026-01-01,2026-01-01 04:00:00,2026-01-02 01:00:00,1,15.0,plant,0.0,0.009083100219968861,0.023955399631151845,0.07555653221871075,0.009166666666666667,0.009166666666666667
2026-01-01,2026-01-01 04:00:00,2026-01-02 02:00:00,1,16.0,plant,0.0,0.008956381420303512,0.0242190140733976,0.07160188771333895,0.01,0.01
2026-01-01,2026-01-01 04:00:00,2026-01-02 03:00:00,1,17.0,plant,0.005150479960654102,0.020574414387721666,0.050867460120245594,0.07490136623278758,0.01,0.01
2026-01-01,2026-01-01 04:00:00,2026-01-02 04:00:00,1,18.0,plant,0.00541932429653763,0.020963773583796405,0.06515440359090502,0.07751775466897501,0.0075,0.0075
2026-01-01,2026-01-01 04:00:00,2026-01-02 05:00:00,1,19.0,plant,0.005763356807926127,0.02044179920661714,0.08935012477416342,0.07450459556755848,0.01,0.01
2026-01-01,2026-01-01 04:00:00,2026-01-02 06:00:00,1,20.0,plant,0.005560384245465067,0.02004567023904011,0.044489328022846705,0.06765548682154592,0.01,0.01
2026-01-01,2026-01-01 04:00:00,2026-01-02 07:00:00,1,21.0,plant,0.006823628288005247,0.016587202335820856,0.030381212835763814,0.0681868583255166,0.01,0.01
2026-01-01,2026-01-01 04:00:00,2026-01-02 08:00:00,1,22.0,plant,0.006325383689013164,0.021690298752863272,0.03539767925172113,0.07790192142774367,0.01,0.01
2026-01-01,2026-01-01 04:00:00,2026-01-02 09:00:00,1,23.0,plant,0.005595622115267402,0.030832059776606593,0.06475756244806405,0.09679449112391614,0.07583333333333334,0.07583333333333334
2026-01-01,2026-01-01 04:00:00,2026-01-02 10:00:00,1,24.0,plant,0.010609818988535788,0.08926785357496429,0.22010402274501603,0.12283316206580464,0.2733333333333333,0.2733333333333333
2026-01-01,2026-01-01 04:00:00,2026-01-02 11:00:00,1,25.0,plant,0.02829452886610008,0.1682446921999715,0.5052550718784155,0.24052041578946376,0.3908333333333333,0.3908333333333333
2026-01-01,2026-01-01 04:00:00,2026-01-02 12:00:00,1,26.0,plant,0.0507238433483584,0.29657564277307674,0.6894449799977256,0.35001170676079424,0.6616666666666666,0.6616666666666666
2026-01-01,2026-01-01 04:00:00,2026-01-02 13:00:00,1,27.0,plant,0.0526021594424323,0.32385384748341894,0.6692775531641307,0.37733562536809157,0.8641666666666666,0.8641666666666666
2026-01-01,2026-01-01 04:00:00,2026-01-02 14:00:00,1,28.0,plant,0.040637675309777424,0.2445230241024363,0.6372593958756234,0.3205541175232354,0.7275,0.7275
2026-01-01,2026-01-01 04:00:00,2026-01-02 15:00:00,1,29.0,plant,0.030050596998701842,0.1975930003178707,0.5994203896150994,0.26148457311438306,0.5783333333333334,0.5783333333333334
2026-01-01,2026-01-01 04:00:00,2026-01-02 16:00:00,1,30.0,plant,0.023617630559641327,0.1975056604473734,0.6678597605113471,0.26615336096744124,0.42833333333333334,0.42833333333333334
2026-01-01,2026-01-01 04:00:00,2026-01-02 17:00:00,1,31.0,plant,0.0263700712142024,0.17937895059654574,0.4618554089343107,0.26394714148478005,0.3691666666666667,0.3691666666666667
2026-01-01,2026-01-01 04:00:00,2026-01-02 18:00:00,1,32.0,plant,0.030801879007060405,0.2012786541146038,0.5176712813893906,0.27311033031682774,0.4358333333333333,0.4358333333333333
2026-01-01,2026-01-01 04:00:00,2026-01-02 19:00:00,1,33.0,plant,0.024774181231543735,0.2081729874976577,0.4965610626260913,0.2895522316821368,0.4575,0.4575
2026-01-01,2026-01-01 04:00:00,2026-01-02 20:00:00,1,34.0,plant,0.03224116641406403,0.22445963567698202,0.5350277490392373,0.27503157661643385,0.6341666666666667,0.6341666666666667
2026-01-01,2026-01-01 04:00:00,2026-01-02 21:00:00,1,35.0,plant,0.05353992952334487,0.26982647394631304,0.6842928076441501,0.3691847271323428,0.8800000000000001,0.8800000000000001
2026-01-01,2026-01-01 04:00:00,2026-01-02 22:00:00,1,36.0,plant,0.09074874898316154,0.2877701067485801,0.716842668914634,0.3508832472892502,0.635,0.635
2026-01-01,2026-01-01 04:00:00,2026-01-02 23:00:00,1,37.0,plant,0.10661034732071527,0.41264996631313317,0.7925999292017125,0.45068910894047465,0.3058333333333333,0.3058333333333333
2026-01-01,2026-01-01 04:00:00,2026-01-03 00:00:00,2,38.0,plant,0.1255446018331147,0.42513216586850056,0.828611590899111,0.4251747628340335,0.23666666666666666,0.23666666666666666
2026-01-01,2026-01-01 04:00:00,2026-01-03 01:00:00,2,39.0,plant,0.1440441200615023,0.40918852351365,0.8423678546644661,0.4344541409490431,0.21000000000000002,0.21000000000000002
2026-01-01,2026-01-01 04:00:00,2026-01-03 02:00:00,2,40.0,plant,0.11953758805647095,0.38935264434268085,0.779773893219945,0.42429688110534636,0.3358333333333333,0.3358333333333333
2026-01-01,2026-01-01 04:00:00,2026-01-03 03:00:00,2,41.0,plant,0.10947757839375198,0.3991443273080432,0.7879726520525661,0.43134180927710597,0.16833333333333333,0.16833333333333333
2026-01-01,2026-01-01 04:00:00,2026-01-03 04:00:00,2,42.0,plant,0.10255054610827743,0.3782296211233782,0.7711271255118376,0.43688976018278913,0.19999999999999998,0.19999999999999998
2026-01-01,2026-01-01 04:00:00,2026-01-03 05:00:00,2,43.0,plant,0.10150478162103709,0.3965738495740926,0.7715071708683591,0.43702913593713016,0.2533333333333333,0.2533333333333333
2026-01-01,2026-01-01 04:00:00,2026-01-03 06:00:00,2,44.0,plant,0.14571702754074203,0.48484611842363584,0.8665079251326584,0.49211892886856445,0.15333333333333332,0.15333333333333332
2026-01-01,2026-01-01 04:00:00,2026-01-03 07:00:00,2,45.0,plant,0.17017042306682173,0.476291152027404,0.8767478744698419,0.5261621644575202,0.26,0.26
2026-01-01,2026-01-01 04:00:00,2026-01-03 08:00:00,2,46.0,plant,0.16936731677183486,0.5005861572972269,0.8825671540358834,0.5424953365821623,0.22416666666666668,0.22416666666666668
2026-01-01,2026-01-01 04:00:00,2026-01-03 09:00:00,2,47.0,plant,0.1623058764595827,0.4693019916296631,0.880793535769902,0.5511799407805815,0.14166666666666666,0.14166666666666666
2026-01-01,2026-01-01 04:00:00,2026-01-03 10:00:00,2,48.0,plant,0.15096376869757233,0.5583460476893389,0.8803554419702095,0.6065307502880413,0.14333333333333334,0.14333333333333334
2026-01-01,2026-01-01 04:00:00,2026-01-03 11:00:00,2,49.0,plant,0.1609336656341366,0.5809910047942843,0.8580012845171745,0.6304246682623488,0.07,0.07
2026-01-01,2026-01-01 04:00:00,2026-01-03 12:00:00,2,50.0,plant,0.1440702313237736,0.5484149150107296,0.8368218422774575,0.5794187781104516,0.13833333333333334,0.13833333333333334
2026-01-01,2026-01-01 04:00:00,2026-01-03 13:00:00,2,51.0,plant,0.08555770896637344,0.5210371839201263,0.8291313251320577,0.5386181846757931,0.16916666666666666,0.16916666666666666
2026-01-01,2026-01-01 04:00:00,2026-01-03 14:00:00,2,52.0,plant,0.07427041056566318,0.3894549562689406,0.801938442995712,0.4171520930611541,0.16499999999999998,0.16499999999999998
2026-01-01,2026-01-01 04:00:00,2026-01-03 15:00:00,2,53.0,plant,0.05787320198596979,0.4102215154813208,0.796213308701208,0.39580490684213665,0.19666666666666666,0.19666666666666666
2026-01-01,2026-01-01 04:00:00,2026-01-03 16:00:00,2,54.0,plant,0.06433531149489026,0.3539610242588251,0.796958004075019,0.3954784026671227,0.22499999999999998,0.22499999999999998
2026-01-01,2026-01-01 04:00:00,2026-01-03 17:00:00,2,55.0,plant,0.060737334426878314,0.42268408756301645,0.8184450527852946,0.4184671730762981,0.26666666666666666,0.26666666666666666
2026-01-01,2026-01-01 04:00:00,2026-01-03 18:00:00,2,56.0,plant,0.040361251427758114,0.31724137766506305,0.8089712622111344,0.4172753527499828,0.5141666666666667,0.5141666666666667
2026-01-01,2026-01-01 04:00:00,2026-01-03 19:00:00,2,57.0,plant,0.05278574148493029,0.2854632255183935,0.7786856161491263,0.3946016385953113,0.22999999999999998,0.22999999999999998
2026-01-01,2026-01-01 04:00:00,2026-01-03 20:00:00,2,58.0,plant,0.07857081604821362,0.4179735770461962,0.7991789818988949,0.47435055943901705,0.5283333333333333,0.5283333333333333
2026-01-01,2026-01-01 04:00:00,2026-01-03 21:00:00,2,59.0,plant,0.09467351441953276,0.44411024008158256,0.8065298810019034,0.494237486618279,0.29166666666666663,0.29166666666666663
2026-01-01,2026-01-01 04:00:00,2026-01-03 22:00:00,2,60.0,plant,0.09175995985615358,0.43320987624696294,0.8215659151242611,0.470224379423245,0.1741666666666667,0.1741666666666667
2026-01-01,2026-01-01 04:00:00,2026-01-03 23:00:00,2,61.0,plant,0.10862456785498717,0.4406084517227502,0.8337311078820916,0.46796404577467005,0.2866666666666667,0.2866666666666667
2026-01-02,2026-01-02 04:00:00,2026-01-03 00:00:00,1,14.0,plant,0.16951398882669658,0.5221629405155349,0.8125441171026059,0.5277648301722832,0.23666666666666666,0.23666666666666666
2026-01-02,2026-01-02 04:00:00,2026-01-03 01:00:00,1,15.0,plant,0.1889162945422234,0.48795930894960854,0.8521487003563538,0.5141227663980327,0.21000000000000002,0.21000000000000002
2026-01-02,2026-01-02 04:00:00,2026-01-03 02:00:00,1,16.0,plant,0.13515887645577984,0.38420675868021487,0.7891482507579404,0.44560150057903947,0.3358333333333333,0.3358333333333333
2026-01-02,2026-01-02 04:00:00,2026-01-03 03:00:00,1,17.0,plant,0.09916703073640298,0.3538172817010424,0.7732868082293893,0.4118164840560272,0.16833333333333333,0.16833333333333333
2026-01-02,2026-01-02 04:00:00,2026-01-03 04:00:00,1,18.0,plant,0.08254150196729008,0.33444842113484136,0.7366552469454853,0.40010167125409757,0.19999999999999998,0.19999999999999998
2026-01-02,2026-01-02 04:00:00,2026-01-03 05:00:00,1,19.0,plant,0.10557128733674462,0.34276843006220276,0.7396249034675623,0.43267503766355914,0.2533333333333333,0.2533333333333333
2026-01-02,2026-01-02 04:00:00,2026-01-03 06:00:00,1,20.0,plant,0.07687090676653514,0.37855963114832036,0.7187843944964827,0.4141483606374257,0.15333333333333332,0.15333333333333332
2026-01-02,2026-01-02 04:00:00,2026-01-03 07:00:00,1,21.0,plant,0.0526971167314143,0.3309516327038604,0.6717430030396437,0.37868201540909313,0.26,0.26
2026-01-02,2026-01-02 04:00:00,2026-01-03 08:00:00,1,22.0,plant,0.0789797739208677,0.3918292942106569,0.7522681269128699,0.43864304112591174,0.22416666666666668,0.22416666666666668
2026-01-02,2026-01-02 04:00:00,2026-01-03 09:00:00,1,23.0,plant,0.12058758249090706,0.3962761500998684,0.8091136135632495,0.471447939340731,0.14166666666666666,0.14166666666666666
2026-01-02,2026-01-02 04:00:00,2026-01-03 10:00:00,1,24.0,plant,0.14534905057937475,0.509116535362921,0.8472769439979978,0.5525683422911131,0.14333333333333334,0.14333333333333334
2026-01-02,2026-01-02 04:00:00,2026-01-03 11:00:00,1,25.0,plant,0.16094669650053717,0.5932969014449039,0.8762146879315265,0.6001996596223977,0.07,0.07
2026-01-02,2026-01-02 04:00:00,2026-01-03 12:00:00,1,26.0,plant,0.11351327120998801,0.5533995674076361,0.8655711098968771,0.5787132753530319,0.13833333333333334,0.13833333333333334
2026-01-02,2026-01-02 04:00:00,2026-01-03 13:00:00,1,27.0,plant,0.08995984356826858,0.4793747753448386,0.80333879990364,0.4936773915788011,0.16916666666666666,0.16916666666666666
2026-01-02,2026-01-02 04:00:00,2026-01-03 14:00:00,1,28.0,plant,0.07640947724054974,0.38500881514267243,0.7743521044538368,0.41055059845781156,0.16499999999999998,0.16499999999999998
2026-01-02,2026-01-02 04:00:00,2026-01-03 15:00:00,1,29.0,plant,0.07328661763668969,0.39611074587354694,0.8220162628359223,0.41373150423808586,0.19666666666666666,0.19666666666666666
2026-01-02,2026-01-02 04:00:00,2026-01-03 16:00:00,1,30.0,plant,0.11871998759336162,0.5043861364169138,0.8422545346884756,0.4989117319289686,0.22499999999999998,0.22499999999999998
2026-01-02,2026-01-02 04:00:00,2026-01-03 17:00:00,1,31.0,plant,0.1135398329141643,0.5494125513254747,0.9053486478776281,0.6100303017566571,0.26666666666666666,0.26666666666666666
2026-01-02,2026-01-02 04:00:00,2026-01-03 18:00:00,1,32.0,plant,0.12229299924273697,0.5577975560535354,0.8777477167378471,0.5221604601831041,0.5141666666666667,0.5141666666666667
2026-01-02,2026-01-02 04:00:00,2026-01-03 19:00:00,1,33.0,plant,0.13711094815284305,0.480446037615105,0.8469143105108844,0.46006762101728155,0.22999999999999998,0.22999999999999998
2026-01-02,2026-01-02 04:00:00,2026-01-03 20:00:00,1,34.0,plant,0.14878281517672196,0.48971683335252986,0.869363661909583,0.4614743321160474,0.5283333333333333,0.5283333333333333
2026-01-02,2026-01-02 04:00:00,2026-01-03 21:00:00,1,35.0,plant,0.1441227059040803,0.47756494871505994,0.7945952027722949,0.46257900113125455,0.29166666666666663,0.29166666666666663
2026-01-02,2026-01-02 04:00:00,2026-01-03 22:00:00,1,36.0,plant,0.16242982931076758,0.46092681270335306,0.7956772271792639,0.4521687132962213,0.1741666666666667,0.1741666666666667
2026-01-02,2026-01-02 04:00:00,2026-01-03 23:00:00,1,37.0,plant,0.1737536270384373,0.464123862594393,0.7996346604368338,0.45831955517964346,0.2866666666666667,0.2866666666666667
2026-01-02,2026-01-02 04:00:00,2026-01-04 00:00:00,2,38.0,plant,0.1877841062219394,0.5355363437736376,0.8872509543729401,0.5392605662255282,0.20750000000000002,0.20750000000000002
2026-01-02,2026-01-02 04:00:00,2026-01-04 01:00:00,2,39.0,plant,0.20243995612331028,0.5722038250531857,0.8995138448427371,0.5981964240413683,0.27666666666666667,0.27666666666666667
2026-01-02,2026-01-02 04:00:00,2026-01-04 02:00:00,2,40.0,plant,0.190343869387424,0.5760187980079011,0.8805072637529416,0.6015358031821856,0.235,0.235
2026-01-02,2026-01-02 04:00:00,2026-01-04 03:00:00,2,41.0,plant,0.18748682919260617,0.5240489884015643,0.8720671636280852,0.523035084922785,0.1791666666666667,0.1791666666666667
2026-01-02,2026-01-02 04:00:00,2026-01-04 04:00:00,2,42.0,plant,0.19142566940685807,0.5298873789626495,0.8858105516279734,0.5373246818209425,0.25333333333333335,0.25333333333333335
2026-01-02,2026-01-02 04:00:00,2026-01-04 05:00:00,2,43.0,plant,0.19552034189015668,0.5948618237070827,0.8958798083701988,0.5642470912247564,0.2475,0.2475
2026-01-02,2026-01-02 04:00:00,2026-01-04 06:00:00,2,44.0,plant,0.1663781295054502,0.49025607506384766,0.8120920561840865,0.4083741915398043,0.38083333333333336,0.38083333333333336
2026-01-02,2026-01-02 04:00:00,2026-01-04 07:00:00,2,45.0,plant,0.14089716858505566,0.4416782678330507,0.8049006918634272,0.33581985745262793,0.30166666666666664,0.30166666666666664
2026-01-02,2026-01-02 04:00:00,2026-01-04 08:00:00,2,46.0,plant,0.0680452486001412,0.3001526584713431,0.717828214364049,0.29366165612063655,0.4558333333333333,0.4558333333333333
2026-01-02,2026-01-02 04:00:00,2026-01-04 09:00:00,2,47.0,plant,0.059498178934347945,0.24834534961496785,0.5876689536476348,0.27400063568394045,0.06,0.06
2026-01-02,2026-01-02 04:00:00,2026-01-04 10:00:00,2,48.0,plant,0.03619496440323995,0.13869908028101405,0.5849623020745063,0.20339197440499512,0.07416666666666667,0.07416666666666667
2026-01-02,2026-01-02 04:00:00,2026-01-04 11:00:00,2,49.0,plant,0.01436932677314038,0.11137611846330274,0.49479411682543456,0.15235578730621327,0.07083333333333333,0.07083333333333333
2026-01-02,2026-01-02 04:00:00,2026-01-04 12:00:00,2,50.0,plant,0.013338442156935776,0.07819006356508176,0.3027288674812407,0.10218272590864708,0.01,0.01
2026-01-02,2026-01-02 04:00:00,2026-01-04 13:00:00,2,51.0,plant,0.005527139039974076,0.05375660414319623,0.2842141967778291,0.10522777193601066,0.01,0.01
2026-01-02,2026-01-02 04:00:00,2026-01-04 14:00:00,2,52.0,plant,0.00515529843302705,0.05363955885853436,0.27412443438116124,0.13108432256012717,0.01,0.01
2026-01-02,2026-01-02 04:00:00,2026-01-04 15:00:00,2,53.0,plant,0.0012544234267604388,0.07291795401593953,0.3956222620554222,0.18059313619594544,0.0325,0.0325
2026-01-02,2026-01-02 04:00:00,2026-01-04 16:00:00,2,54.0,plant,0.007236834070238959,0.06521008483188065,0.4108177844769614,0.19375241404809104,0.25916666666666666,0.25916666666666666
2026-01-02,2026-01-02 04:00:00,2026-01-04 17:00:00,2,55.0,plant,0.008845247380941702,0.18432745757878227,0.5546560210720978,0.21550232545279377,0.5991666666666666,0.5991666666666666
2026-01-02,2026-01-02 04:00:00,2026-01-04 18:00:00,2,56.0,plant,0.03714696061674766,0.34434768956158734,0.7482285503581658,0.4525723245283166,0.6108333333333333,0.6108333333333333
2026-01-02,2026-01-02 04:00:00,2026-01-04 19:00:00,2,57.0,plant,0.07286282148131358,0.47398968680147346,0.9223230908532544,0.5744180941704846,0.6466666666666667,0.6466666666666667
2026-01-02,2026-01-02 04:00:00,2026-01-04 20:00:00,2,58.0,plant,0.08729423837120616,0.544020921517989,0.9706536156256822,0.6430553996397307,0.48083333333333333,0.48083333333333333
2026-01-02,2026-01-02 04:00:00,2026-01-04 21:00:00,2,59.0,plant,0.14057792040374928,0.6561639001788075,0.9675755374253151,0.6367525549665635,0.33499999999999996,0.33499999999999996
2026-01-02,2026-01-02 04:00:00,2026-01-04 22:00:00,2,60.0,plant,0.15603444056816004,0.6048058328089303,0.9305165456032483,0.5907499951708172,0.4766666666666667,0.4766666666666667
2026-01-02,2026-01-02 04:00:00,2026-01-04 23:00:00,2,61.0,plant,0.167929937874705,0.5920952083853479,0.9243905436129746,0.6212869886949549,0.7991666666666666,0.7991666666666666
2026-01-03,2026-01-03 04:00:00,2026-01-04 00:00:00,1,14.0,plant,0.02481359224713169,0.28280052477356843,0.696151305201816,0.3432471765608509,0.20750000000000002,0.20750000000000002
2026-01-03,2026-01-03 04:00:00,2026-01-04 01:00:00,1,15.0,plant,0.05714457817742218,0.38179246967123975,0.7102228243119114,0.39011156766670596,0.27666666666666667,0.27666666666666667
2026-01-03,2026-01-03 04:00:00,2026-01-04 02:00:00,1,16.0,plant,0.0752903977628509,0.3801752051055126,0.7090507776354982,0.3893284892700546,0.235,0.235
2026-01-03,2026-01-03 04:00:00,2026-01-04 03:00:00,1,17.0,plant,0.11252956012873505,0.4119982077148342,0.7489493856533752,0.40849168201075564,0.1791666666666667,0.1791666666666667
2026-01-03,2026-01-03 04:00:00,2026-01-04 04:00:00,1,18.0,plant,0.14546453934897507,0.4613594027398575,0.7812105488029406,0.41553974289657303,0.25333333333333335,0.25333333333333335
2026-01-03,2026-01-03 04:00:00,2026-01-04 05:00:00,1,19.0,plant,0.18157242682870595,0.49620082890722345,0.8238498865735073,0.4687219726347323,0.2475,0.2475
2026-01-03,2026-01-03 04:00:00,2026-01-04 06:00:00,1,20.0,plant,0.2148981781563225,0.5586462931605897,0.8488667684480934,0.572745380177242,0.38083333333333336,0.38083333333333336
2026-01-03,2026-01-03 04:00:00,2026-01-04 07:00:00,1,21.0,plant,0.2681589593913328,0.5503224647916708,0.8840487102471262,0.537445512149331,0.30166666666666664,0.30166666666666664
2026-01-03,2026-01-03 04:00:00,2026-01-04 08:00:00,1,22.0,plant,0.24613489966946095,0.5403494816199929,0.887351844093575,0.5036712594668119,0.4558333333333333,0.4558333333333333
2026-01-03,2026-01-03 04:00:00,2026-01-04 09:00:00,1,23.0,plant,0.179399553458441,0.49501472329949997,0.8649984042742825,0.4657033221285859,0.06,0.06
2026-01-03,2026-01-03 04:00:00,2026-01-04 10:00:00,1,24.0,plant,0.06118268995576127,0.25243214104056133,0.7076928684266081,0.37504485101328877,0.07416666666666667,0.07416666666666667
2026-01-03,2026-01-03 04:00:00,2026-01-04 11:00:00,1,25.0,plant,0.006299808350828546,0.12116953728706056,0.5012605140673153,0.2158293441115403,0.07083333333333333,0.07083333333333333
2026-01-03,2026-01-03 04:00:00,2026-01-04 12:00:00,1,26.0,plant,0.005752944851163423,0.03572689150516601,0.2170750165862217,0.13959463644213216,0.01,0.01
2026-01-03,2026-01-03 04:00:00,2026-01-04 13:00:00,1,27.0,plant,0.003571197196004224,0.03497276426477621,0.22207456882018964,0.09951502257538067,0.01,0.01
2026-01-03,2026-01-03 04:00:00,2026-01-04 14:00:00,1,28.0,plant,0.006125686905789113,0.052287295277107626,0.20071463639439213,0.12142001345740702,0.01,0.01
2026-01-03,2026-01-03 04:00:00,2026-01-04 15:00:00,1,29.0,plant,0.007115649934998904,0.05205582225318895,0.24410525390014268,0.13867744494666054,0.0325,0.0325
2026-01-03,2026-01-03 04:00:00,2026-01-04 16:00:00,1,30.0,plant,0.009262457086050807,0.0932877419338464,0.4130490131009439,0.1734770789910148,0.25916666666666666,0.25916666666666666
2026-01-03,2026-01-03 04:00:00,2026-01-04 17:00:00,1,31.0,plant,0.022541493477852156,0.2827647952249434,0.5983115329250649,0.2983712070276911,0.5991666666666666,0.5991666666666666
2026-01-03,2026-01-03 04:00:00,2026-01-04 18:00:00,1,32.0,plant,0.06047014922073873,0.43554296723909036,0.6986179916245512,0.4956360128118325,0.6108333333333333,0.6108333333333333
2026-01-03,2026-01-03 04:00:00,2026-01-04 19:00:00,1,33.0,plant,0.1251371077993055,0.5522418538546195,0.8493538796666434,0.5827543540537756,0.6466666666666667,0.6466666666666667
2026-01-03,2026-01-03 04:00:00,2026-01-04 20:00:00,1,34.0,plant,0.16173560873085685,0.6573521220878378,0.9073765528455684,0.6516391108389424,0.48083333333333333,0.48083333333333333
2026-01-03,2026-01-03 04:00:00,2026-01-04 21:00:00,1,35.0,plant,0.17947566762320505,0.6380170982867271,0.9278504242202572,0.6344314999412861,0.33499999999999996,0.33499999999999996
2026-01-03,2026-01-03 04:00:00,2026-01-04 22:00:00,1,36.0,plant,0.1491091975549712,0.6471530873746001,0.8957654005250139,0.5923071275172971,0.4766666666666667,0.4766666666666667
2026-01-03,2026-01-03 04:00:00,2026-01-04 23:00:00,1,37.0,plant,0.12293576511255817,0.6171815184492109,0.8661603205043962,0.5759227744113232,0.7991666666666666,0.7991666666666666
2026-01-03,2026-01-03 04:00:00,2026-01-05 00:00:00,2,38.0,plant,0.10668851349980112,0.4967614366640734,0.925188887900159,0.5897699840780234,0.2816666666666667,0.2816666666666667
2026-01-03,2026-01-03 04:00:00,2026-01-05 01:00:00,2,39.0,plant,0.09744384892430864,0.5198453482362266,0.9095008448522133,0.6029196271837134,0.32833333333333337,0.32833333333333337
2026-01-03,2026-01-03 04:00:00,2026-01-05 02:00:00,2,40.0,plant,0.09459477269992161,0.5330406001809842,0.8881704549017808,0.56012994751697,0.3433333333333333,0.3433333333333333
2026-01-03,2026-01-03 04:00:00,2026-01-05 03:00:00,2,41.0,plant,0.0753705820699384,0.5247939120014413,0.8616222388531597,0.5427173346255353,0.2775,0.2775
2026-01-03,2026-01-03 04:00:00,2026-01-05 04:00:00,2,42.0,plant,0.06643647362952139,0.46129019570235663,0.8143362247769799,0.5050676395634852,0.165,0.165
2026-01-03,2026-01-03 04:00:00,2026-01-05 05:00:00,2,43.0,plant,0.06390829021238878,0.4309488693686855,0.7475842607577621,0.4418582997043828,0.125,0.125
2026-01-03,2026-01-03 04:00:00,2026-01-05 06:00:00,2,44.0,plant,0.06420642316546436,0.3194345779142751,0.6827559950764764,0.3457465094315295,0.04666666666666667,0.04666666666666667
2026-01-03,2026-01-03 04:00:00,2026-01-05 07:00:00,2,45.0,plant,0.0419895603927957,0.23817734966417564,0.6179402133329998,0.27831679142029253,0.01,0.01
2026-01-03,2026-01-03 04:00:00,2026-01-05 08:00:00,2,46.0,plant,0.03403139021842056,0.22146549424797865,0.5755985592018897,0.24467934840232336,0.01,0.01
2026-01-03,2026-01-03 04:00:00,2026-01-05 09:00:00,2,47.0,plant,0.017360370666838584,0.1798483775270273,0.4450033943542356,0.20151993546687766,0.01,0.01
2026-01-03,2026-01-03 04:00:00,2026-01-05 10:00:00,2,48.0,plant,0.0033323348546886846,0.10251133048910326,0.3115749193686755,0.15633044861593642,0.008333333333333333,0.008333333333333333
2026-01-03,2026-01-03 04:00:00,2026-01-05 11:00:00,2,49.0,plant,0.001829020580660169,0.040293455218495235,0.25202523918435427,0.11104673584503241,0.009166666666666667,0.009166666666666667
2026-01-03,2026-01-03 04:00:00,2026-01-05 12:00:00,2,50.0,plant,0.001520928050615977,0.027495338361580572,0.1659415727397797,0.09532091696117384,0.015833333333333335,0.015833333333333335
2026-01-03,2026-01-03 04:00:00,2026-01-05 13:00:00,2,51.0,plant,0.002924811585146232,0.026712946144414922,0.22435375261768264,0.11712565952304899,0.0325,0.0325
2026-01-03,2026-01-03 04:00:00,2026-01-05 14:00:00,2,52.0,plant,0.0033268684202673914,0.03570958477919069,0.2677364202959562,0.1193151443964776,0.009166666666666667,0.009166666666666667
2026-01-03,2026-01-03 04:00:00,2026-01-05 15:00:00,2,53.0,plant,0.0038563960251583275,0.04494863444915909,0.2613027667115043,0.1264355820098241,0.008333333333333333,0.008333333333333333
2026-01-03,2026-01-03 04:00:00,2026-01-05 16:00:00,2,54.0,plant,0.00408505297362683,0.06738791404437833,0.33012576508015934,0.11368216405340094,0.019166666666666665,0.019166666666666665
2026-01-03,2026-01-03 04:00:00,2026-01-05 17:00:00,2,55.0,plant,0.0053754530673407784,0.06652005166874886,0.35016728784645734,0.12704815369507858,0.035,0.035
2026-01-03,2026-01-03 04:00:00,2026-01-05 18:00:00,2,56.0,plant,0.003931310514226491,0.05501002978035632,0.4694861115233326,0.12636515654531633,0.07083333333333333,0.07083333333333333
2026-01-03,2026-01-03 04:00:00,2026-01-05 19:00:00,2,57.0,plant,0.004020058351167943,0.08825717548638655,0.5058372926623294,0.17291983078709,0.0775,0.0775
2026-01-03,2026-01-03 04:00:00,2026-01-05 20:00:00,2,58.0,plant,0.005531384811100658,0.12391608398148828,0.5954568039167516,0.3012964735515062,0.12666666666666668,0.12666666666666668
2026-01-03,2026-01-03 04:00:00,2026-01-05 21:00:00,2,59.0,plant,0.030475453798436438,0.2010169436914119,0.6916158374318786,0.372121457627199,0.16999999999999998,0.16999999999999998
2026-01-03,2026-01-03 04:00:00,2026-01-05 22:00:00,2,60.0,plant,0.06125231365642371,0.34161301205011957,0.8703794151667327,0.4270351158414889,0.3625,0.3625
2026-01-03,2026-01-03 04:00:00,2026-01-05 23:00:00,2,61.0,plant,0.10476795486342132,0.4345053841027161,0.9334602194165481,0.5368482395131441,0.39666666666666667,0.39666666666666667
2026-01-04,2026-01-04 04:00:00,2026-01-05 00:00:00,1,14.0,plant,0.044906629093902375,0.31327445021611017,0.7321009046946039,0.40402384149991694,0.2816666666666667,0.2816666666666667
2026-01-04,2026-01-04 04:00:00,2026-01-05 01:00:00,1,15.0,plant,0.03033064055588136,0.24102339587480182,0.6369144830169597,0.3052172185906318,0.32833333333333337,0.32833333333333337
2026-01-04,2026-01-04 04:00:00,2026-01-05 02:00:00,1,16.0,plant,0.01482976384665943,0.20166108554518686,0.45931052040250125,0.20113342782571467,0.3433333333333333,0.3433333333333333
2026-01-04,2026-01-04 04:00:00,2026-01-05 03:00:00,1,17.0,plant,0.0072163085057814465,0.06752933231731204,0.3151113438080745,0.13736765549171798,0.2775,0.2775
2026-01-04,2026-01-04 04:00:00,2026-01-05 04:00:00,1,18.0,plant,0.007907994660545332,0.06013779790463659,0.29575850925358704,0.12458487183299531,0.165,0.165
2026-01-04,2026-01-04 04:00:00,2026-01-05 05:00:00,1,19.0,plant,0.007115766625402313,0.07250550617243652,0.29504710302853526,0.15554158599073592,0.125,0.125
2026-01-04,2026-01-04 04:00:00,2026-01-05 06:00:00,1,20.0,plant,0.010803037859632408,0.12915712956006456,0.4528482167703666,0.19762196531890658,0.04666666666666667,0.04666666666666667
2026-01-04,2026-01-04 04:00:00,2026-01-05 07:00:00,1,21.0,plant,0.010576211229372943,0.09723464326741378,0.30564559882749165,0.119840636007531,0.01,0.01
2026-01-04,2026-01-04 04:00:00,2026-01-05 08:00:00,1,22.0,plant,0.005545059369681538,0.015644486142610072,0.23083361636429572,0.09927757818529936,0.01,0.01
2026-01-04,2026-01-04 04:00:00,2026-01-05 09:00:00,1,23.0,plant,0.002130727471297689,0.00920082004647783,0.11388609302621784,0.06213276385151915,0.01,0.01
2026-01-04,2026-01-04 04:00:00,2026-01-05 10:00:00,1,24.0,plant,0.005247323535319781,0.02396497546089394,0.132775784866653,0.05706955016883354,0.008333333333333333,0.008333333333333333
2026-01-04,2026-01-04 04:00:00,2026-01-05 11:00:00,1,25.0,plant,0.004622287697564099,0.01690245359161884,0.12995841250112541,0.05428751658016332,0.009166666666666667,0.009166666666666667
2026-01-04,2026-01-04 04:00:00,2026-01-05 12:00:00,1,26.0,plant,0.004857660727749963,0.024354033942443225,0.14560067511834912,0.06640616652723297,0.015833333333333335,0.015833333333333335
2026-01-04,2026-01-04 04:00:00,2026-01-05 13:00:00,1,27.0,plant,0.0049450157795126745,0.02227865011821136,0.11659100894051645,0.0702261549592709,0.0325,0.0325
2026-01-04,2026-01-04 04:00:00,2026-01-05 14:00:00,1,28.0,plant,0.005397377570479085,0.01827607965310621,0.08206509116878812,0.06563941046382109,0.009166666666666667,0.009166666666666667
2026-01-04,2026-01-04 04:00:00,2026-01-05 15:00:00,1,29.0,plant,0.005390630683967578,0.014647272671721086,0.07248438137736934,0.06438594123755248,0.008333333333333333,0.008333333333333333
2026-01-04,2026-01-04 04:00:00,2026-01-05 16:00:00,1,30.0,plant,0.005453178330976708,0.02126316038202106,0.1766947952264886,0.07570012112986274,0.019166666666666665,0.019166666666666665
2026-01-04,2026-01-04 04:00:00,2026-01-05 17:00:00,1,31.0,plant,0.006015726299264424,0.04530037719358728,0.3241309575888576,0.11391787900990015,0.035,0.035
2026-01-04,2026-01-04 04:00:00,2026-01-05 18:00:00,1,32.0,plant,0.005885770997296679,0.08716370709119038,0.4417636326154326,0.12934397513504273,0.07083333333333333,0.07083333333333333
2026-01-04,2026-01-04 04:00:00,2026-01-05 19:00:00,1,33.0,plant,0.007566237115239357,0.09636433469659648,0.49499190740499055,0.2405080625846928,0.0775,0.0775
2026-01-04,2026-01-04 04:00:00,2026-01-05 20:00:00,1,34.0,plant,0.026327722070443062,0.20001272129955847,0.579307421668323,0.3388892490286658,0.12666666666666668,0.12666666666666668
2026-01-04,2026-01-04 04:00:00,2026-01-05 21:00:00,1,35.0,plant,0.04683946264485297,0.27451668049617756,0.6465618212479805,0.3450194211997163,0.16999999999999998,0.16999999999999998
2026-01-04,2026-01-04 04:00:00,2026-01-05 22:00:00,1,36.0,plant,0.06558162354138308,0.2930354941858329,0.7215184370686907,0.3282798841204226,0.3625,0.3625
2026-01-04,2026-01-04 04:00:00,2026-01-05 23:00:00,1,37.0,plant,0.11077607527268044,0.45771165091814386,0.8120282579508437,0.47017027020516006,0.39666666666666667,0.39666666666666667
2026-01-04,2026-01-04 04:00:00,2026-01-06 00:00:00,2,38.0,plant,0.14802093992974932,0.5474574513801929,0.9497275908895332,0.572859434984855,0.36083333333333334,0.36083333333333334
2026-01-04,2026-01-04 04:00:00,2026-01-06 01:00:00,2,39.0,plant,0.19443927822263946,0.5650622950245142,0.94377100052027,0.6220702661085339,0.3075,0.3075
2026-01-04,2026-01-04 04:00:00,2026-01-06 02:00:00,2,40.0,plant,0.24056718841115798,0.6262572727848728,0.9362484414835485,0.6794445066149807,0.7783333333333334,0.7783333333333334
2026-01-04,2026-01-04 04:00:00,2026-01-06 03:00:00,2,41.0,plant,0.30394334852825017,0.7449588958067557,0.9335370065041336,0.7384316606906726,0.9833333333333334,0.9716666666666667
2026-01-04,2026-01-04 04:00:00,2026-01-06 04:00:00,2,42.0,plant,0.3423365272647765,0.7496515919320242,0.9456728647640867,0.7467159187749889,0.8216666666666665,0.8216666666666665
2026-01-04,2026-01-04 04:00:00,2026-01-06 05:00:00,2,43.0,plant,0.41506913166215387,0.7930061507345045,0.9621394485356534,0.7780313062298602,0.9691666666666667,0.9691666666666667
2026-01-04,2026-01-04 04:00:00,2026-01-06 06:00:00,2,44.0,plant,0.523594195464468,0.8562068331262608,0.9645417794777724,0.7720833383757656,0.8775,0.8775
2026-01-04,2026-01-04 04:00:00,2026-01-06 07:00:00,2,45.0,plant,0.5918465519986424,0.894148319287601,0.9723110362772918,0.8194812483226944,0.9733333333333333,0.9733333333333333
2026-01-04,2026-01-04 04:00:00,2026-01-06 08:00:00,2,46.0,plant,0.6622639457966203,0.9181952998490548,0.9839038537612828,0.8413524044605285,0.9791666666666665,0.9791666666666665
2026-01-04,2026-01-04 04:00:00,2026-01-06 09:00:00,2,47.0,plant,0.7140089828416085,0.945637593441018,0.9916989955821643,0.8581640617089826,0.9716666666666667,0.9716666666666667
2026-01-04,2026-01-04 04:00:00,2026-01-06 10:00:00,2,48.0,plant,0.8587564768443436,0.980580906440655,0.9918933148671982,0.923420262161316,0.9641666666666666,0.9408333333333334
2026-01-04,2026-01-04 04:00:00,2026-01-06 11:00:00,2,49.0,plant,0.9110388940972154,0.9833610986064417,0.9941644653820261,0.967676125028775,0.9808333333333333,0.9808333333333333
2026-01-04,2026-01-04 04:00:00,2026-01-06 12:00:00,2,50.0,plant,0.9705664853565522,0.9836847697472549,0.9938108223417002,0.9868578789383347,0.9749999999999999,0.9749999999999999
2026-01-04,2026-01-04 04:00:00,2026-01-06 13:00:00,2,51.0,plant,0.9682887614411179,0.982347494868695,0.9920083307978385,0.9892922611537083,0.9675,0.9675
2026-01-04,2026-01-04 04:00:00,2026-01-06 14:00:00,2,52.0,plant,0.9776846996107051,0.986439216502826,1.0,0.9857633961840279,0.9783333333333334,0.9783333333333334
2026-01-04,2026-01-04 04:00:00,2026-01-06 15:00:00,2,53.0,plant,0.9799370222707516,0.9872057445578526,1.0,0.9853629253684955,0.9774999999999999,0.9774999999999999
2026-01-04,2026-01-04 04:00:00,2026-01-06 16:00:00,2,54.0,plant,0.9306455014730524,0.9857272320163449,0.992080403810905,0.9672505152497692,0.9791666666666667,0.9791666666666667
2026-01-04,2026-01-04 04:00:00,2026-01-06 17:00:00,2,55.0,plant,0.8187006836276223,0.9844936315932131,0.9959400732999155,0.9186139366882174,0.9791666666666667,0.9791666666666667
2026-01-04,2026-01-04 04:00:00,2026-01-06 18:00:00,2,56.0,plant,0.5862270141723268,0.9634328081387884,0.995695024735911,0.88566381005919,0.98,0.98
2026-01-04,2026-01-04 04:00:00,2026-01-06 19:00:00,2,57.0,plant,0.49250209466236466,0.867610592219125,1.0,0.8126735720511516,0.8733333333333333,0.8733333333333333
2026-01-04,2026-01-04 04:00:00,2026-01-06 20:00:00,2,58.0,plant,0.4053333143445066,0.7690383405069962,0.9792816098448113,0.7186728500093653,0.6658333333333333,0.6658333333333333
2026-01-04,2026-01-04 04:00:00,2026-01-06 21:00:00,2,59.0,plant,0.25928735946808007,0.6812149791436782,1.0,0.6864436271131295,0.4741666666666667,0.4741666666666667
2026-01-04,2026-01-04 04:00:00,2026-01-06 22:00:00,2,60.0,plant,0.17856120411120507,0.6004265485413742,0.9829213385755031,0.6006325295900986,0.1975,0.1975
2026-01-04,2026-01-04 04:00:00,2026-01-06 23:00:00,2,61.0,plant,0.10705890235258317,0.5081984343546737,0.9180038152077579,0.5264337161401189,0.020833333333333336,0.020833333333333336
2026-01-05,2026-01-05 04:00:00,2026-01-06 00:00:00,1,14.0,plant,0.12759064428079375,0.3796761076770839,0.8097670139703663,0.39158387756175617,0.36083333333333334,0.36083333333333334
2026-01-05,2026-01-05 04:00:00,2026-01-06 01:00:00,1,15.0,plant,0.20216949246265992,0.48897269568300733,0.8804245277968419,0.573983246389185,0.3075,0.3075
2026-01-05,2026-01-05 04:00:00,2026-01-06 02:00:00,1,16.0,plant,0.226383779462944,0.5766187827523714,0.8853472147712096,0.6702484482140779,0.7783333333333334,0.7783333333333334
2026-01-05,2026-01-05 04:00:00,2026-01-06 03:00:00,1,17.0,plant,0.26765525276027485,0.6805575390766998,0.910438749813061,0.7274652513522575,0.9833333333333334,0.9716666666666667
2026-01-05,2026-01-05 04:00:00,2026-01-06 04:00:00,1,18.0,plant,0.3456825768740156,0.7335468099393054,0.9288085300513297,0.7371543129605702,0.8216666666666665,0.8216666666666665
2026-01-05,2026-01-05 04:00:00,2026-01-06 05:00:00,1,19.0,plant,0.5267770029595016,0.8216882048751217,0.9512393148654501,0.7650161758320726,0.9691666666666667,0.9691666666666667
2026-01-05,2026-01-05 04:00:00,2026-01-06 06:00:00,1,20.0,plant,0.6359015777742121,0.8807739152430545,0.9628203992851497,0.8210793673992441,0.8775,0.8775
2026-01-05,2026-01-05 04:00:00,2026-01-06 07:00:00,1,21.0,plant,0.836011331172742,0.9479872875082628,0.9827662768336292,0.9094916470133975,0.9733333333333333,0.9733333333333333
2026-01-05,2026-01-05 04:00:00,2026-01-06 08:00:00,1,22.0,plant,0.8677986019624538,0.9675750495597729,0.9878617855877946,0.915973558450956,0.9791666666666665,0.9791666666666665
2026-01-05,2026-01-05 04:00:00,2026-01-06 09:00:00,1,23.0,plant,0.8842486953670522,0.9779694469068881,0.991848759562013,0.9322398063522719,0.9716666666666667,0.9716666666666667
2026-01-05,2026-01-05 04:00:00,2026-01-06 10:00:00,1,24.0,plant,0.9250158285877728,0.9866051093714507,0.9929280198740467,0.9552795614806535,0.9641666666666666,0.9408333333333334
2026-01-05,2026-01-05 04:00:00,2026-01-06 11:00:00,1,25.0,plant,0.9489154786376122,0.9841864249676539,0.9897614711489265,0.9747432796541706,0.9808333333333333,0.9808333333333333
2026-01-05,2026-01-05 04:00:00,2026-01-06 12:00:00,1,26.0,plant,0.9788998573008219,0.9906958118039205,0.9946341978957002,0.9878777067836886,0.9749999999999999,0.9749999999999999
2026-01-05,2026-01-05 04:00:00,2026-01-06 13:00:00,1,27.0,plant,0.9810442899653569,0.9866101459731909,0.9955382844947437,0.9929825527093308,0.9675,0.9675
2026-01-05,2026-01-05 04:00:00,2026-01-06 14:00:00,1,28.0,plant,0.9806496680461678,0.9869968650006711,0.9942864475074579,0.9884231169607142,0.9783333333333334,0.9783333333333334
2026-01-05,2026-01-05 04:00:00,2026-01-06 15:00:00,1,29.0,plant,0.9777050295494648,0.9873048687379027,0.9937634930479,0.9837665187823146,0.9774999999999999,0.9774999999999999
2026-01-05,2026-01-05 04:00:00,2026-01-06 16:00:00,1,30.0,plant,0.9643231287647577,0.9856959002765975,0.9907025726068442,0.980906605267495,0.9791666666666667,0.9791666666666667
2026-01-05,2026-01-05 04:00:00,2026-01-06 17:00:00,1,31.0,plant,0.9384355109425141,0.9860544173544079,0.9996464508353686,0.964799864405021,0.9791666666666667,0.9791666666666667
2026-01-05,2026-01-05 04:00:00,2026-01-06 18:00:00,1,32.0,plant,0.8661052521167035,0.9916903152043033,1.0,0.9479924764151757,0.98,0.98
2026-01-05,2026-01-05 04:00:00,2026-01-06 19:00:00,1,33.0,plant,0.686556600213143,0.9762212286266799,0.9927559907553933,0.8848522022794273,0.8733333333333333,0.8733333333333333
2026-01-05,2026-01-05 04:00:00,2026-01-06 20:00:00,1,34.0,plant,0.5344489510483003,0.9039342549575583,0.9945951981421635,0.8156700283081473,0.6658333333333333,0.6658333333333333
2026-01-05,2026-01-05 04:00:00,2026-01-06 21:00:00,1,35.0,plant,0.19542284332538623,0.6913059580580035,1.0,0.6944931674043593,0.4741666666666667,0.4741666666666667
2026-01-05,2026-01-05 04:00:00,2026-01-06 22:00:00,1,36.0,plant,0.05902683632017664,0.5192002153601447,0.8856794564976969,0.5722637377448544,0.1975,0.1975
2026-01-05,2026-01-05 04:00:00,2026-01-06 23:00:00,1,37.0,plant,0.031623562023862295,0.3070656047731444,0.6209812299641629,0.3298370565050068,0.020833333333333336,0.020833333333333336
2026-01-05,2026-01-05 04:00:00,2026-01-07 00:00:00,2,38.0,plant,0.008480458310351296,0.12872194054862568,0.3940041715906072,0.16570710656857,0.009166666666666667,0.009166666666666667
2026-01-05,2026-01-05 04:00:00,2026-01-07 01:00:00,2,39.0,plant,0.006339246520320811,0.0466265853781331,0.2123610193349466,0.09339389187645834,0.02416666666666667,0.02416666666666667
2026-01-05,2026-01-05 04:00:00,2026-01-07 02:00:00,2,40.0,plant,0.00468245656635037,0.025500183926717584,0.10780520717479394,0.07187233410249168,0.028333333333333332,0.028333333333333332
2026-01-05,2026-01-05 04:00:00,2026-01-07 03:00:00,2,41.0,plant,0.004001895618921528,0.013220710271258831,0.16652421562672967,0.05761755844934653,0.009166666666666667,0.009166666666666667
2026-01-05,2026-01-05 04:00:00,2026-01-07 04:00:00,2,42.0,plant,0.001666924537721103,0.007832015512657012,0.11855551933511478,0.055885758682454136,0.01,0.01
2026-01-05,2026-01-05 04:00:00,2026-01-07 05:00:00,2,43.0,plant,0.0034294794234458288,0.018454938016951555,0.1675868970869435,0.0544779599383088,0.01,0.01
2026-01-05,2026-01-05 04:00:00,2026-01-07 06:00:00,2,44.0,plant,0.00018028613539707635,0.0198669524782433,0.17649576764776237,0.09043777309478705,0.01,0.01
2026-01-05,2026-01-05 04:00:00,2026-01-07 07:00:00,2,45.0,plant,0.000874569797795155,0.017783907690824313,0.17141448789172736,0.06498130817560946,0.01,0.01
2026-01-05,2026-01-05 04:00:00,2026-01-07 08:00:00,2,46.0,plant,0.003188436936865993,0.01626052053139334,0.2011013060168539,0.060837047057547965,0.01,0.01
2026-01-05,2026-01-05 04:00:00,2026-01-07 09:00:00,2,47.0,plant,0.002929347730603147,0.008977027469105319,0.13733797695884659,0.04883505119831454,0.01,0.01
2026-01-05,2026-01-05 04:00:00,2026-01-07 10:00:00,2,48.0,plant,0.0,0.009457797465624956,0.19340091760582204,0.06171041500262417,0.01,0.01
2026-01-05,2026-01-05 04:00:00,2026-01-07 11:00:00,2,49.0,plant,0.003948702512106301,0.060552976963415474,0.18565404787701462,0.07844874847562473,0.01,0.01
2026-01-05,2026-01-05 04:00:00,2026-01-07 12:00:00,2,50.0,plant,0.005962593315251977,0.05747711938139166,0.15479534352943752,0.09024485358073528,0.01,0.01
2026-01-05,2026-01-05 04:00:00,2026-01-07 13:00:00,2,51.0,plant,0.006637632591673844,0.05804409780906115,0.13450717921837566,0.09194779284569454,0.01,0.01
2026-01-05,2026-01-05 04:00:00,2026-01-07 14:00:00,2,52.0,plant,0.005954233051600509,0.04442438029210149,0.14549923962244904,0.09436232656814471,0.01,0.01
2026-01-05,2026-01-05 04:00:00,2026-01-07 15:00:00,2,53.0,plant,0.005942725021496385,0.04251294984268724,0.17994780580788652,0.08140641887531753,0.01,0.01
2026-01-05,2026-01-05 04:00:00,2026-01-07 16:00:00,2,54.0,plant,0.005317406513239908,0.07817183919181082,0.2488386618495905,0.09673405322627017,0.01,0.01
2026-01-05,2026-01-05 04:00:00,2026-01-07 17:00:00,2,55.0,plant,0.0006218691561613258,0.090680817246446,0.31546279112005443,0.1228071782804422,0.025,0.025
2026-01-05,2026-01-05 04:00:00,2026-01-07 18:00:00,2,56.0,plant,0.003695491726847356,0.06324534942795017,0.32482447677040643,0.11455093000613505,0.02,0.02
2026-01-05,2026-01-05 04:00:00,2026-01-07 19:00:00,2,57.0,plant,0.0036011567815323444,0.04530913814365079,0.28310119774562076,0.09500552547814889,0.01,0.01
2026-01-05,2026-01-05 04:00:00,2026-01-07 20:00:00,2,58.0,plant,0.004310705724642718,0.036183832042554875,0.2250165971040576,0.117617076909632,0.01,0.01
2026-01-05,2026-01-05 04:00:00,2026-01-07 21:00:00,2,59.0,plant,0.007488429729298405,0.057814375960500285,0.27236969238363,0.13461944897552766,0.01,0.01
2026-01-05,2026-01-05 04:00:00,2026-01-07 22:00:00,2,60.0,plant,0.00966820056776959,0.10797154570233508,0.3501933903089098,0.18164983611540814,0.01,0.01
2026-01-05,2026-01-05 04:00:00,2026-01-07 23:00:00,2,61.0,plant,0.01062449276568174,0.08098474674913327,0.3675129589205965,0.17438834650373378,0.01,0.01
2026-01-06,2026-01-06 04:00:00,2026-01-07 00:00:00,1,14.0,plant,0.012170138187770293,0.06284213843402256,0.2157000558981951,0.10796384516890749,0.009166666666666667,0.009166666666666667
2026-01-06,2026-01-06 04:00:00,2026-01-07 01:00:00,1,15.0,plant,0.00817442082887436,0.027804730467255786,0.13515302606851348,0.07263659544389936,0.02416666666666667,0.02416666666666667
2026-01-06,2026-01-06 04:00:00,2026-01-07 02:00:00,1,16.0,plant,0.0046949944286510765,0.010326214279094982,0.06425941281227712,0.04271281700235121,0.028333333333333332,0.028333333333333332
2026-01-06,2026-01-06 04:00:00,2026-01-07 03:00:00,1,17.0,plant,0.006038796151391158,0.015009083261253468,0.034240672634369695,0.03501491457078413,0.009166666666666667,0.009166666666666667
2026-01-06,2026-01-06 04:00:00,2026-01-07 04:00:00,1,18.0,plant,0.006093034378585871,0.01588611796673768,0.0933474882590716,0.04200057804342037,0.01,0.01
2026-01-06,2026-01-06 04:00:00,2026-01-07 05:00:00,1,19.0,plant,0.005029666339167756,0.01206547919895388,0.1272121843750192,0.05766330342023971,0.01,0.01
2026-01-06,2026-01-06 04:00:00,2026-01-07 06:00:00,1,20.0,plant,0.0,0.008799064842374332,0.10115091367728411,0.060310743939880083,0.01,0.01
2026-01-06,2026-01-06 04:00:00,2026-01-07 07:00:00,1,21.0,plant,0.0,0.008560624793438434,0.12442261960201347,0.059711782615556284,0.01,0.01
2026-01-06,2026-01-06 04:00:00,2026-01-07 08:00:00,1,22.0,plant,0.0,0.008913592979052712,0.13017266089247365,0.06614623596668921,0.01,0.01
2026-01-06,2026-01-06 04:00:00,2026-01-07 09:00:00,1,23.0,plant,0.00018176041318546977,0.008766658617940995,0.06965014674582032,0.043711859428454174,0.01,0.01
2026-01-06,2026-01-06 04:00:00,2026-01-07 10:00:00,1,24.0,plant,0.0,0.009821558727567648,0.11790144626527067,0.04798074728557871,0.01,0.01
2026-01-06,2026-01-06 04:00:00,2026-01-07 11:00:00,1,25.0,plant,0.00703498360265124,0.027825537984129876,0.13789727724093875,0.06430761499301395,0.01,0.01
2026-01-06,2026-01-06 04:00:00,2026-01-07 12:00:00,1,26.0,plant,0.006167333126480494,0.036846722172170686,0.17069666860514218,0.07448820207642075,0.01,0.01
2026-01-06,2026-01-06 04:00:00,2026-01-07 13:00:00,1,27.0,plant,0.006107728677092497,0.023118431616896928,0.09464136073951565,0.0710860478395559,0.01,0.01
2026-01-06,2026-01-06 04:00:00,2026-01-07 14:00:00,1,28.0,plant,0.003983060434244745,0.008087169109521957,0.07324754176359681,0.052988848781527625,0.01,0.01
2026-01-06,2026-01-06 04:00:00,2026-01-07 15:00:00,1,29.0,plant,0.007865176300716481,0.025964500028860277,0.13309531061645036,0.0795652525464751,0.01,0.01
2026-01-06,2026-01-06 04:00:00,2026-01-07 16:00:00,1,30.0,plant,0.006463989466785129,0.03898951678150819,0.19561494844871882,0.08476648134669289,0.01,0.01
2026-01-06,2026-01-06 04:00:00,2026-01-07 17:00:00,1,31.0,plant,0.006789603074176034,0.0636801402739942,0.2634127857830165,0.10321938967162946,0.025,0.025
2026-01-06,2026-01-06 04:00:00,2026-01-07 18:00:00,1,32.0,plant,0.006056455192273955,0.051599202786756324,0.3449998228408893,0.12599351828780822,0.02,0.02
2026-01-06,2026-01-06 04:00:00,2026-01-07 19:00:00,1,33.0,plant,0.005576174102302256,0.017984244503962705,0.21950765783670606,0.10145711441722423,0.01,0.01
2026-01-06,2026-01-06 04:00:00,2026-01-07 20:00:00,1,34.0,plant,0.006844785974351924,0.05056781922612452,0.21464802793084903,0.11795639373779461,0.01,0.01
2026-01-06,2026-01-06 04:00:00,2026-01-07 21:00:00,1,35.0,plant,0.010310146973376753,0.06430043810818231,0.2138395062891167,0.1261274513900532,0.01,0.01
2026-01-06,2026-01-06 04:00:00,2026-01-07 22:00:00,1,36.0,plant,0.01153581327992471,0.07957072059639261,0.2942047452855896,0.16144359244448345,0.01,0.01
2026-01-06,2026-01-06 04:00:00,2026-01-07 23:00:00,1,37.0,plant,0.01041614959344802,0.07263741032195113,0.26633725006428566,0.1414846980431363,0.01,0.01
2026-01-06,2026-01-06 04:00:00,2026-01-08 00:00:00,2,38.0,plant,0.008800350175472926,0.06650888973237735,0.23039020862727144,0.1204581098111166,0.01,0.01
2026-01-06,2026-01-06 04:00:00,2026-01-08 01:00:00,2,39.0,plant,0.007781332667143675,0.06788062201051367,0.23443884595272116,0.11123969407178502,0.01,0.01
2026-01-06,2026-01-06 04:00:00,2026-01-08 02:00:00,2,40.0,plant,0.006917741719483005,0.028432137910780485,0.19795994566525787,0.08997314072364646,0.01,0.01
2026-01-06,2026-01-06 04:00:00,2026-01-08 03:00:00,2,41.0,plant,0.004957675376094599,0.044506763311424204,0.1646951608931268,0.10022307284020195,0.01,0.01
2026-01-06,2026-01-06 04:00:00,2026-01-08 04:00:00,2,42.0,plant,0.006706240212182186,0.030303864982954964,0.1702891169453075,0.07899907192648387,0.01,0.01
2026-01-06,2026-01-06 04:00:00,2026-01-08 05:00:00,2,43.0,plant,0.004940239720984486,0.041556318500849,0.27045107064390905,0.1102254448937622,0.01,0.01
2026-01-06,2026-01-06 04:00:00,2026-01-08 06:00:00,2,44.0,plant,0.0028783081350462853,0.10306083092618643,0.44877346213778657,0.10672346790955371,0.01,0.01
2026-01-06,2026-01-06 04:00:00,2026-01-08 07:00:00,2,45.0,plant,0.013237683955257602,0.13128156663515983,0.45853131168652217,0.10483972763056008,0.01,0.01
2026-01-06,2026-01-06 04:00:00,2026-01-08 08:00:00,2,46.0,plant,0.0,0.14373732729613795,0.5987364915845191,0.2120506976506893,0.01,0.01
2026-01-06,2026-01-06 04:00:00,2026-01-08 09:00:00,2,47.0,plant,0.04000286645539714,0.22956514149199003,0.7534201993609683,0.27124175351154667,0.01,0.01
2026-01-06,2026-01-06 04:00:00,2026-01-08 10:00:00,2,48.0,plant,0.06788772815490322,0.3235014342417522,0.715181038296565,0.4528251930835857,0.01,0.01
2026-01-06,2026-01-06 04:00:00,2026-01-08 11:00:00,2,49.0,plant,0.0760116409591943,0.4013148044674657,0.7873919490309533,0.49012841150966724,0.01,0.01
2026-01-06,2026-01-06 04:00:00,2026-01-08 12:00:00,2,50.0,plant,0.12443348918847295,0.4294754452910432,0.8112651485875134,0.5274448136941076,0.008333333333333333,0.008333333333333333
2026-01-06,2026-01-06 04:00:00,2026-01-08 13:00:00,2,51.0,plant,0.09552683579917283,0.40781292091106514,0.8265017233800767,0.5375949348653299,0.008333333333333333,0.008333333333333333
2026-01-06,2026-01-06 04:00:00,2026-01-08 14:00:00,2,52.0,plant,0.08666807955777633,0.4348679645107294,0.8401027781704548,0.5205705309260108,0.011666666666666667,0.011666666666666667
2026-01-06,2026-01-06 04:00:00,2026-01-08 15:00:00,2,53.0,plant,0.07895960024889498,0.4450113497315135,0.8293026070112881,0.5074535498357325,0.185,0.185
2026-01-06,2026-01-06 04:00:00,2026-01-08 16:00:00,2,54.0,plant,0.07164955136766016,0.46313356392526717,0.8456704238226919,0.5113963299774502,0.13666666666666666,0.13666666666666666
2026-01-06,2026-01-06 04:00:00,2026-01-08 17:00:00,2,55.0,plant,0.04986584660779664,0.40409510607523813,0.7958447040620737,0.4698683864951924,0.13083333333333336,0.13083333333333336
2026-01-06,2026-01-06 04:00:00,2026-01-08 18:00:00,2,56.0,plant,0.034335424887286914,0.3107965289980423,0.8258330989988547,0.39093666214918377,0.10999999999999999,0.10999999999999999
2026-01-06,2026-01-06 04:00:00,2026-01-08 19:00:00,2,57.0,plant,0.03459672656747576,0.3055019262639032,0.7743902115918104,0.37339139409885647,0.01,0.01
2026-01-06,2026-01-06 04:00:00,2026-01-08 20:00:00,2,58.0,plant,0.046193869919854504,0.3227416334260461,0.7640666937219186,0.4181371560058408,0.010833333333333334,0.010833333333333334
2026-01-06,2026-01-06 04:00:00,2026-01-08 21:00:00,2,59.0,plant,0.08376335672941766,0.3875993008739693,0.7918430718125312,0.42235729251979864,0.0125,0.0125
2026-01-06,2026-01-06 04:00:00,2026-01-08 22:00:00,2,60.0,plant,0.13714148095964604,0.5069643725767762,0.8634642205153011,0.5208098223733679,0.009166666666666667,0.009166666666666667
2026-01-06,2026-01-06 04:00:00,2026-01-08 23:00:00,2,61.0,plant,0.20615420847426677,0.5348494283846513,0.9161600920705099,0.6069480849446013,0.009166666666666667,0.009166666666666667
2026-01-07,2026-01-07 04:00:00,2026-01-08 00:00:00,1,14.0,plant,0.004249050837383423,0.008648151521766857,0.013000025607660871,0.05030705934886007,0.01,0.01
2026-01-07,2026-01-07 04:00:00,2026-01-08 01:00:00,1,15.0,plant,0.0,0.009502901114484466,0.017033397430399548,0.03879414218859688,0.01,0.01
2026-01-07,2026-01-07 04:00:00,2026-01-08 02:00:00,1,16.0,plant,0.0,0.0024096530179825693,0.012538956454191487,0.035817751495092816,0.01,0.01
2026-01-07,2026-01-07 04:00:00,2026-01-08 03:00:00,1,17.0,plant,0.004818084285772351,0.009138927247574561,0.13575690036236499,0.04033647315658108,0.01,0.01
2026-01-07,2026-01-07 04:00:00,2026-01-08 04:00:00,1,18.0,plant,0.0,0.0013271383350976535,0.012096932955977628,0.041894458975686,0.01,0.01
2026-01-07,2026-01-07 04:00:00,2026-01-08 05:00:00,1,19.0,plant,0.0,0.008631617676363895,0.0125134023692938,0.046573176403015844,0.01,0.01
2026-01-07,2026-01-07 04:00:00,2026-01-08 06:00:00,1,20.0,plant,0.006062744315098908,0.041054326058602875,0.1582522460558471,0.06954057089193487,0.01,0.01
2026-01-07,2026-01-07 04:00:00,2026-01-08 07:00:00,1,21.0,plant,0.007937447053999163,0.04707014406962043,0.2258899539915048,0.08903180575593743,0.01,0.01
2026-01-07,2026-01-07 04:00:00,2026-01-08 08:00:00,1,22.0,plant,0.006315521693319586,0.0706692161059893,0.2798426813770093,0.07798425415218006,0.01,0.01
2026-01-07,2026-01-07 04:00:00,2026-01-08 09:00:00,1,23.0,plant,0.00678346880747593,0.06115474058773999,0.17397126437070679,0.06840184738365293,0.01,0.01
2026-01-07,2026-01-07 04:00:00,2026-01-08 10:00:00,1,24.0,plant,0.007245497303140035,0.09062337338503587,0.22211410373091345,0.08785104384620576,0.01,0.01
2026-01-07,2026-01-07 04:00:00,2026-01-08 11:00:00,1,25.0,plant,0.017402819048810456,0.09154867674453934,0.42223646042619667,0.14965401282478097,0.01,0.01
2026-01-07,2026-01-07 04:00:00,2026-01-08 12:00:00,1,26.0,plant,0.02051662169275813,0.12138321483842876,0.38632623762161256,0.17275315790966222,0.008333333333333333,0.008333333333333333
2026-01-07,2026-01-07 04:00:00,2026-01-08 13:00:00,1,27.0,plant,0.021623668895148992,0.09974512032299324,0.34905204597307304,0.1650752388709162,0.008333333333333333,0.008333333333333333
2026-01-07,2026-01-07 04:00:00,2026-01-08 14:00:00,1,28.0,plant,0.026903319310421586,0.14059423123181333,0.45652451143723277,0.20988547183511516,0.011666666666666667,0.011666666666666667
2026-01-07,2026-01-07 04:00:00,2026-01-08 15:00:00,1,29.0,plant,0.03246746357348738,0.18030575583438116,0.5255737985163462,0.2098757523744282,0.185,0.185
2026-01-07,2026-01-07 04:00:00,2026-01-08 16:00:00,1,30.0,plant,0.036726391499404404,0.21795406251349791,0.5468717607669991,0.216716403957264,0.13666666666666666,0.13666666666666666
2026-01-07,2026-01-07 04:00:00,2026-01-08 17:00:00,1,31.0,plant,0.029520595812236643,0.21011831491676594,0.5645411772148543,0.24751257072025148,0.13083333333333336,0.13083333333333336
2026-01-07,2026-01-07 04:00:00,2026-01-08 18:00:00,1,32.0,plant,0.030749903019726015,0.20737069852611675,0.6825273362704298,0.3226385597920561,0.10999999999999999,0.10999999999999999
2026-01-07,2026-01-07 04:00:00,2026-01-08 19:00:00,1,33.0,plant,0.07629793619982304,0.39753259168371324,0.7817839561962295,0.4647221599262086,0.01,0.01
2026-01-07,2026-01-07 04:00:00,2026-01-08 20:00:00,1,34.0,plant,0.14430031972387755,0.497922857898288,0.8499724808781125,0.5490626359958989,0.010833333333333334,0.010833333333333334
2026-01-07,2026-01-07 04:00:00,2026-01-08 21:00:00,1,35.0,plant,0.22257258544840886,0.594127675342961,0.8706849940191953,0.6446512733376194,0.0125,0.0125
2026-01-07,2026-01-07 04:00:00,2026-01-08 22:00:00,1,36.0,plant,0.23606566352659064,0.6012248308062064,0.913012046496943,0.6876508640931506,0.009166666666666667,0.009166666666666667
2026-01-07,2026-01-07 04:00:00,2026-01-08 23:00:00,1,37.0,plant,0.2675544584706382,0.6795643576140392,0.9486392543017034,0.7378095156362471,0.009166666666666667,0.009166666666666667
2026-01-07,2026-01-07 04:00:00,2026-01-09 00:00:00,2,38.0,plant,0.27409445976238095,0.7141996474969573,0.9549919781836851,0.746576313086626,0.010833333333333334,0.010833333333333334
2026-01-07,2026-01-07 04:00:00,2026-01-09 01:00:00,2,39.0,plant,0.31819858781580784,0.7364094197384534,0.9828136974426733,0.7730095698178032,0.009166666666666667,0.009166666666666667
2026-01-07,2026-01-07 04:00:00,2026-01-09 02:00:00,2,40.0,plant,0.39698568933670736,0.7649610411481165,0.978756543659571,0.8034823389982745,0.011666666666666667,0.011666666666666667
2026-01-07,2026-01-07 04:00:00,2026-01-09 03:00:00,2,41.0,plant,0.43991133431069607,0.8012228502555035,0.9799175206318345,0.7894807794151558,0.010833333333333334,0.010833333333333334
2026-01-07,2026-01-07 04:00:00,2026-01-09 04:00:00,2,42.0,plant,0.45675048681238484,0.7967548472676507,0.9850714777949813,0.7678502049382776,0.01,0.01
2026-01-07,2026-01-07 04:00:00,2026-01-09 05:00:00,2,43.0,plant,0.45856661074961874,0.7782443782766651,0.9761244167764725,0.7755577797960308,0.01,0.01
2026-01-07,2026-01-07 04:00:00,2026-01-09 06:00:00,2,44.0,plant,0.40951847975971783,0.6834389618505146,0.9521147551875967,0.6661342915543012,0.009166666666666667,0.009166666666666667
2026-01-07,2026-01-07 04:00:00,2026-01-09 07:00:00,2,45.0,plant,0.31897807990983335,0.6585135694474853,0.944434702647634,0.6520734149812125,0.01,0.01
2026-01-07,2026-01-07 04:00:00,2026-01-09 08:00:00,2,46.0,plant,0.23566180747882318,0.5756288791345356,0.9336757834103734,0.616803905462287,0.009166666666666667,0.009166666666666667
2026-01-07,2026-01-07 04:00:00,2026-01-09 09:00:00,2,47.0,plant,0.2025741404414507,0.4905380237472154,0.919056707041376,0.5880733001764739,0.009166666666666667,0.009166666666666667
2026-01-07,2026-01-07 04:00:00,2026-01-09 10:00:00,2,48.0,plant,0.19054724368116704,0.5180321659742723,0.8767976873184181,0.5627291147930157,0.01,0.01
2026-01-07,2026-01-07 04:00:00,2026-01-09 11:00:00,2,49.0,plant,0.10070223331608438,0.412262222620906,0.8256906922652962,0.4848887609878284,0.01,0.01
2026-01-07,2026-01-07 04:00:00,2026-01-09 12:00:00,2,50.0,plant,0.047920782754075505,0.2263489784300401,0.6346117484592595,0.24385914359383482,0.01,0.01
2026-01-07,2026-01-07 04:00:00,2026-01-09 13:00:00,2,51.0,plant,0.016552915145524504,0.1503702329809525,0.6397203861943647,0.2288296555628237,0.009166666666666667,0.009166666666666667
2026-01-07,2026-01-07 04:00:00,2026-01-09 14:00:00,2,52.0,plant,0.013131030059847951,0.13106870361611977,0.6629562217883568,0.20076814628624284,0.01,0.01
2026-01-07,2026-01-07 04:00:00,2026-01-09 15:00:00,2,53.0,plant,0.007851035888688684,0.11115376808236356,0.5102108479641773,0.14597066239477033,0.01,0.01
2026-01-07,2026-01-07 04:00:00,2026-01-09 16:00:00,2,54.0,plant,0.008324522413102654,0.10304098034270354,0.3732206714562478,0.11868188814065077,0.021666666666666667,0.021666666666666667
2026-01-07,2026-01-07 04:00:00,2026-01-09 17:00:00,2,55.0,plant,0.004368835607499359,0.10216064669477312,0.23466439335731265,0.1495602676977278,0.021666666666666667,0.021666666666666667
2026-01-07,2026-01-07 04:00:00,2026-01-09 18:00:00,2,56.0,plant,0.00551806047486676,0.07471549963624775,0.22045526373636637,0.1137685209729661,0.010833333333333334,0.010833333333333334
2026-01-07,2026-01-07 04:00:00,2026-01-09 19:00:00,2,57.0,plant,0.00324109597975709,0.0490361887534894,0.23511774644826164,0.09598729943354985,0.008333333333333333,0.008333333333333333
2026-01-07,2026-01-07 04:00:00,2026-01-09 20:00:00,2,58.0,plant,0.003988341244207795,0.029611055972819,0.21353293379891808,0.09084094434309724,0.009166666666666667,0.009166666666666667
2026-01-07,2026-01-07 04:00:00,2026-01-09 21:00:00,2,59.0,plant,0.004041327673692629,0.016676134717056156,0.13375843811911856,0.07240096783882403,0.01,0.01
2026-01-07,2026-01-07 04:00:00,2026-01-09 22:00:00,2,60.0,plant,0.004153218408533436,0.019092614889141532,0.07832955549839406,0.06512739843725289,0.01,0.01
2026-01-07,2026-01-07 04:00:00,2026-01-09 23:00:00,2,61.0,plant,0.0,0.009603922127246605,0.10868823017340017,0.05698883970217688,0.01,0.01
2026-01-08,2026-01-08 04:00:00,2026-01-09 00:00:00,1,14.0,plant,0.10002419349653754,0.3321310779829681,0.7670101299192116,0.42460118247811,0.010833333333333334,0.010833333333333334
2026-01-08,2026-01-08 04:00:00,2026-01-09 01:00:00,1,15.0,plant,0.12917059142500545,0.3960127210661279,0.7577052405041903,0.4636346484797323,0.009166666666666667,0.009166666666666667
2026-01-08,2026-01-08 04:00:00,2026-01-09 02:00:00,1,16.0,plant,0.13843367031633252,0.4172886299408726,0.7584122654790709,0.5185512496027173,0.011666666666666667,0.011666666666666667
2026-01-08,2026-01-08 04:00:00,2026-01-09 03:00:00,1,17.0,plant,0.1404286064254358,0.4867477934129197,0.7921730408689531,0.5827215839009098,0.010833333333333334,0.010833333333333334
2026-01-08,2026-01-08 04:00:00,2026-01-09 04:00:00,1,18.0,plant,0.14556431039663828,0.5275344460695126,0.8466583201412646,0.6260576969197257,0.01,0.01
2026-01-08,2026-01-08 04:00:00,2026-01-09 05:00:00,1,19.0,plant,0.23149641950052663,0.6006235227799767,0.8667772749993763,0.6592727041766681,0.01,0.01
2026-01-08,2026-01-08 04:00:00,2026-01-09 06:00:00,1,20.0,plant,0.2595956989921656,0.7448219677002453,0.9127652952011206,0.729750425102404,0.009166666666666667,0.009166666666666667
2026-01-08,2026-01-08 04:00:00,2026-01-09 07:00:00,1,21.0,plant,0.30039649116236566,0.7028410754700158,0.9207573352483819,0.6911502929227983,0.01,0.01
2026-01-08,2026-01-08 04:00:00,2026-01-09 08:00:00,1,22.0,plant,0.36050343646266614,0.7218063555457418,0.9239933383156781,0.7415729343585371,0.009166666666666667,0.009166666666666667
2026-01-08,2026-01-08 04:00:00,2026-01-09 09:00:00,1,23.0,plant,0.37338897986879777,0.7241048519261617,0.9212689600204998,0.7239662561714301,0.009166666666666667,0.009166666666666667
2026-01-08,2026-01-08 04:00:00,2026-01-09 10:00:00,1,24.0,plant,0.33978252507628265,0.7307176434926956,0.9535104774810903,0.7069476598514015,0.01,0.01
2026-01-08,2026-01-08 04:00:00,2026-01-09 11:00:00,1,25.0,plant,0.25962363022335566,0.7138573606370112,0.9453935992411951,0.7175038712063537,0.01,0.01
2026-01-08,2026-01-08 04:00:00,2026-01-09 12:00:00,1,26.0,plant,0.257588979219335,0.6999104452475728,0.9264915902039361,0.7604804825040007,0.01,0.01
2026-01-08,2026-01-08 04:00:00,2026-01-09 13:00:00,1,27.0,plant,0.23436125209696032,0.6816356482827961,0.9115533759942479,0.6951921963459008,0.009166666666666667,0.009166666666666667
2026-01-08,2026-01-08 04:00:00,2026-01-09 14:00:00,1,28.0,plant,0.21449022513053084,0.5875553702809758,0.8616477032664248,0.5961667388463762,0.01,0.01
2026-01-08,2026-01-08 04:00:00,2026-01-09 15:00:00,1,29.0,plant,0.08452988675444238,0.40391559868294286,0.7621830741258449,0.39074380254351254,0.01,0.01
2026-01-08,2026-01-08 04:00:00,2026-01-09 16:00:00,1,30.0,plant,0.04546038751187602,0.25854141598816377,0.7447409797365311,0.2899710815086687,0.021666666666666667,0.021666666666666667
2026-01-08,2026-01-08 04:00:00,2026-01-09 17:00:00,1,31.0,plant,0.01642133320047569,0.17377956581531437,0.6814722957657741,0.25544923717865975,0.021666666666666667,0.021666666666666667
2026-01-08,2026-01-08 04:00:00,2026-01-09 18:00:00,1,32.0,plant,0.011047048895604178,0.08476642444109128,0.5068684156633054,0.1841102014906546,0.010833333333333334,0.010833333333333334
2026-01-08,2026-01-08 04:00:00,2026-01-09 19:00:00,1,33.0,plant,0.012279254909083173,0.07847134493644109,0.3961457430314494,0.17796996899616252,0.008333333333333333,0.008333333333333333
2026-01-08,2026-01-08 04:00:00,2026-01-09 20:00:00,1,34.0,plant,0.00966619454976575,0.07001488142377157,0.38924845782836176,0.15581176415024767,0.009166666666666667,0.009166666666666667
2026-01-08,2026-01-08 04:00:00,2026-01-09 21:00:00,1,35.0,plant,0.01126378158366989,0.07602997167849979,0.3223616737779936,0.12469339682471324,0.01,0.01
2026-01-08,2026-01-08 04:00:00,2026-01-09 22:00:00,1,36.0,plant,0.011549360831078968,0.08328237434674575,0.36528588001574713,0.12922954133021478,0.01,0.01
2026-01-08,2026-01-08 04:00:00,2026-01-09 23:00:00,1,37.0,plant,0.010649870297817447,0.10001967449761891,0.3787911197433335,0.1481857507918281,0.01,0.01
2026-01-08,2026-01-08 04:00:00,2026-01-10 00:00:00,2,38.0,plant,0.007787666503759242,0.04302455779057004,0.4221655176950858,0.10644430179072317,0.01,0.01
2026-01-08,2026-01-08 04:00:00,2026-01-10 01:00:00,2,39.0,plant,0.00949831032603473,0.04961668544832273,0.4553818445225968,0.11599662001726561,0.01,0.01
2026-01-08,2026-01-08 04:00:00,2026-01-10 02:00:00,2,40.0,plant,0.009194803097304687,0.12084654953734145,0.5325569889457588,0.155808653228442,0.01,0.01
2026-01-08,2026-01-08 04:00:00,2026-01-10 03:00:00,2,41.0,plant,0.02273274233038892,0.18147416584869167,0.625238808171367,0.27115500574814033,0.01,0.01
2026-01-08,2026-01-08 04:00:00,2026-01-10 04:00:00,2,42.0,plant,0.03275968307710639,0.2420179461817144,0.6491482661360318,0.3123345825363291,0.01,0.01
2026-01-08,2026-01-08 04:00:00,2026-01-10 05:00:00,2,43.0,plant,0.06141196603444879,0.24323974620856373,0.6449766033395093,0.32322961432567443,0.0225,0.0225
2026-01-08,2026-01-08 04:00:00,2026-01-10 06:00:00,2,44.0,plant,0.06987088374317821,0.3258277418408989,0.6520162963290406,0.3546492304338747,0.052500000000000005,0.052500000000000005
2026-01-08,2026-01-08 04:00:00,2026-01-10 07:00:00,2,45.0,plant,0.07811631047193796,0.3057222921511457,0.6398005753388247,0.3475137908860314,0.04666666666666667,0.04666666666666667
2026-01-08,2026-01-08 04:00:00,2026-01-10 08:00:00,2,46.0,plant,0.06422345307959679,0.27049345965940286,0.5823471537451711,0.326307021621143,0.04166666666666667,0.04166666666666667
2026-01-08,2026-01-08 04:00:00,2026-01-10 09:00:00,2,47.0,plant,0.0711754960586662,0.26411231403770424,0.6100951394835359,0.3202971432118188,0.0975,0.0975
2026-01-08,2026-01-08 04:00:00,2026-01-10 10:00:00,2,48.0,plant,0.09070548609799987,0.2694642654365721,0.6652409102856512,0.31447717911869455,0.052500000000000005,0.052500000000000005
2026-01-08,2026-01-08 04:00:00,2026-01-10 11:00:00,2,49.0,plant,0.09091762694989683,0.3396198203911898,0.6709495354598445,0.4176056211478647,0.09000000000000001,0.09000000000000001
2026-01-08,2026-01-08 04:00:00,2026-01-10 12:00:00,2,50.0,plant,0.07503097195900411,0.4160680149391391,0.7916242941185729,0.47198573208881806,0.051666666666666666,0.051666666666666666
2026-01-08,2026-01-08 04:00:00,2026-01-10 13:00:00,2,51.0,plant,0.051756377365583306,0.28716089842727605,0.7599119966197978,0.3267336520603323,0.22833333333333333,0.22833333333333333
2026-01-08,2026-01-08 04:00:00,2026-01-10 14:00:00,2,52.0,plant,0.04627039405870692,0.2469580573261847,0.6536082410594504,0.2669734856171955,0.19,0.19
2026-01-08,2026-01-08 04:00:00,2026-01-10 15:00:00,2,53.0,plant,0.037183924943012266,0.25097452757616545,0.6669504059612493,0.26612744442849023,0.19916666666666666,0.19916666666666666
2026-01-08,2026-01-08 04:00:00,2026-01-10 16:00:00,2,54.0,plant,0.036924056585008476,0.24976918874184442,0.6209273166810109,0.25672570673572687,0.17333333333333334,0.17333333333333334
2026-01-08,2026-01-08 04:00:00,2026-01-10 17:00:00,2,55.0,plant,0.03640372979346479,0.21759660576876214,0.5513067064200765,0.3148572696328936,0.15666666666666668,0.15666666666666668
2026-01-08,2026-01-08 04:00:00,2026-01-10 18:00:00,2,56.0,plant,0.06031585880677605,0.2666415942878872,0.6116684100312948,0.3193108984446599,0.43166666666666664,0.43166666666666664
2026-01-08,2026-01-08 04:00:00,2026-01-10 19:00:00,2,57.0,plant,0.06873752603937947,0.32934864627343846,0.623607856038836,0.36942243459163304,0.39,0.39
2026-01-08,2026-01-08 04:00:00,2026-01-10 20:00:00,2,58.0,plant,0.09058670431711494,0.3655245720080441,0.6643065100891231,0.40983983949637226,0.5191666666666667,0.5191666666666667
2026-01-08,2026-01-08 04:00:00,2026-01-10 21:00:00,2,59.0,plant,0.09278484616605055,0.36673794751660455,0.6690821935142028,0.4018438317161077,0.5558333333333334,0.5558333333333334
2026-01-08,2026-01-08 04:00:00,2026-01-10 22:00:00,2,60.0,plant,0.09370294118440865,0.37896948885280657,0.6640772773891624,0.39547022926332853,0.3258333333333333,0.3258333333333333
2026-01-08,2026-01-08 04:00:00,2026-01-10 23:00:00,2,61.0,plant,0.10577252258060019,0.39383418866607195,0.7025395602423755,0.43766433470846,0.43000000000000005,0.43000000000000005
2026-01-09,2026-01-09 04:00:00,2026-01-10 00:00:00,1,14.0,plant,0.008254472225162724,0.021077912348594425,0.42163303859315937,0.08998331768493965,0.01,0.01
2026-01-09,2026-01-09 04:00:00,2026-01-10 01:00:00,1,15.0,plant,0.021178914287700374,0.0931911255182782,0.47424626870733044,0.15751098155724594,0.01,0.01
2026-01-09,2026-01-09 04:00:00,2026-01-10 02:00:00,1,16.0,plant,0.03380676200640898,0.1505896652917441,0.6246485266478083,0.26001254926791617,0.01,0.01
2026-01-09,2026-01-09 04:00:00,2026-01-10 03:00:00,1,17.0,plant,0.06952607492487194,0.22673876186599512,0.6661662013993268,0.3204881165607809,0.01,0.01
2026-01-09,2026-01-09 04:00:00,2026-01-10 04:00:00,1,18.0,plant,0.08971418898396231,0.33719157619076406,0.7236826277610748,0.4117455458122021,0.01,0.01
2026-01-09,2026-01-09 04:00:00,2026-01-10 05:00:00,1,19.0,plant,0.09682649350258461,0.37692110227116327,0.7267788069341417,0.45109497298869844,0.0225,0.0225
2026-01-09,2026-01-09 04:00:00,2026-01-10 06:00:00,1,20.0,plant,0.09604420543957595,0.4010406186540681,0.6979159766529367,0.4214795348650419,0.052500000000000005,0.052500000000000005
2026-01-09,2026-01-09 04:00:00,2026-01-10 07:00:00,1,21.0,plant,0.06791323539800831,0.33961354945345557,0.6486029998557199,0.353949049543461,0.04666666666666667,0.04666666666666667
2026-01-09,2026-01-09 04:00:00,2026-01-10 08:00:00,1,22.0,plant,0.05950127289719779,0.3058960557942647,0.6328718370891472,0.33068186740748023,0.04166666666666667,0.04166666666666667
2026-01-09,2026-01-09 04:00:00,2026-01-10 09:00:00,1,23.0,plant,0.084961761854244,0.29967393537570197,0.659626502242473,0.348726180414502,0.0975,0.0975
2026-01-09,2026-01-09 04:00:00,2026-01-10 10:00:00,1,24.0,plant,0.13952876043629245,0.3893954800874181,0.7367880107423627,0.42144100377081495,0.052500000000000005,0.052500000000000005
2026-01-09,2026-01-09 04:00:00,2026-01-10 11:00:00,1,25.0,plant,0.13879025817954854,0.39480981805531273,0.7630044477727853,0.47940870959887594,0.09000000000000001,0.09000000000000001
2026-01-09,2026-01-09 04:00:00,2026-01-10 12:00:00,1,26.0,plant,0.10344685931418067,0.3889983027063941,0.758260478392593,0.500191523440169,0.051666666666666666,0.051666666666666666
2026-01-09,2026-01-09 04:00:00,2026-01-10 13:00:00,1,27.0,plant,0.06577704358109998,0.399392261095388,0.749277389233608,0.42495085429537,0.22833333333333333,0.22833333333333333
2026-01-09,2026-01-09 04:00:00,2026-01-10 14:00:00,1,28.0,plant,0.058492158609311944,0.28898434848120413,0.6899635211688249,0.31967369630481146,0.19,0.19
2026-01-09,2026-01-09 04:00:00,2026-01-10 15:00:00,1,29.0,plant,0.054999823110042735,0.29002927938560363,0.7103438823901386,0.30486838258215393,0.19916666666666666,0.19916666666666666
2026-01-09,2026-01-09 04:00:00,2026-01-10 16:00:00,1,30.0,plant,0.05640225288126136,0.2972866101407649,0.7078171758862343,0.3286329735273446,0.17333333333333334,0.17333333333333334
2026-01-09,2026-01-09 04:00:00,2026-01-10 17:00:00,1,31.0,plant,0.09384980696461605,0.43750172061677195,0.7626679904049429,0.48690357786994104,0.15666666666666668,0.15666666666666668
2026-01-09,2026-01-09 04:00:00,2026-01-10 18:00:00,1,32.0,plant,0.12113100530203211,0.4583528647210075,0.783671465415916,0.44721411290534996,0.43166666666666664,0.43166666666666664
2026-01-09,2026-01-09 04:00:00,2026-01-10 19:00:00,1,33.0,plant,0.14705119648708231,0.42945036549883003,0.7865702650796234,0.4602743492591353,0.39,0.39
2026-01-09,2026-01-09 04:00:00,2026-01-10 20:00:00,1,34.0,plant,0.19009863800117635,0.4906103143138207,0.8068319488220118,0.5178139046402123,0.5191666666666667,0.5191666666666667
2026-01-09,2026-01-09 04:00:00,2026-01-10 21:00:00,1,35.0,plant,0.2312552660127343,0.5362951507523129,0.8269579113878912,0.5493719149799592,0.5558333333333334,0.5558333333333334
2026-01-09,2026-01-09 04:00:00,2026-01-10 22:00:00,1,36.0,plant,0.22932301593796287,0.4950697528958174,0.788532683724818,0.5406429680311079,0.3258333333333333,0.3258333333333333
2026-01-09,2026-01-09 04:00:00,2026-01-10 23:00:00,1,37.0,plant,0.18460120226366852,0.5008699463115834,0.7854327297646932,0.5636775747385347,0.43000000000000005,0.43000000000000005
2026-01-09,2026-01-09 04:00:00,2026-01-11 00:00:00,2,38.0,plant,0.21865228039475545,0.5872493892532508,0.8480899689917806,0.6612303610238228,0.8558333333333333,0.8558333333333333
2026-01-09,2026-01-09 04:00:00,2026-01-11 01:00:00,2,39.0,plant,0.2573683413596527,0.6474197073905581,0.9074219857862542,0.7066888959133245,0.9083333333333333,0.9083333333333333
2026-01-09,2026-01-09 04:00:00,2026-01-11 02:00:00,2,40.0,plant,0.4002293616562978,0.6916826793756368,0.9520739505609342,0.6956749738250173,0.7024999999999999,0.7024999999999999
2026-01-09,2026-01-09 04:00:00,2026-01-11 03:00:00,2,41.0,plant,0.45977133832010036,0.7562209408263373,0.9621095479162163,0.7272295952748646,0.7291666666666666,0.7291666666666666
2026-01-09,2026-01-09 04:00:00,2026-01-11 04:00:00,2,42.0,plant,0.5237269929402553,0.8154355848426299,0.9787300556495808,0.812843940421483,0.8366666666666667,0.8366666666666667
2026-01-09,2026-01-09 04:00:00,2026-01-11 05:00:00,2,43.0,plant,0.5420117518026498,0.795980081445485,0.9819966495815047,0.7889551173089788,0.4741666666666666,0.4741666666666666
2026-01-09,2026-01-09 04:00:00,2026-01-11 06:00:00,2,44.0,plant,0.4980016186250176,0.7992471251177896,0.9833323430062735,0.7406172724979849,0.5533333333333333,0.5533333333333333
2026-01-09,2026-01-09 04:00:00,2026-01-11 07:00:00,2,45.0,plant,0.5544424245647367,0.8742739441118914,0.9835598898726655,0.7907371668701639,0.4658333333333333,0.4658333333333333
2026-01-09,2026-01-09 04:00:00,2026-01-11 08:00:00,2,46.0,plant,0.6322796995464928,0.8918924111854554,0.9824101304069199,0.8363985936437933,0.21333333333333332,0.21333333333333332
2026-01-09,2026-01-09 04:00:00,2026-01-11 09:00:00,2,47.0,plant,0.6180816937825948,0.8843905310272545,0.9783316200205769,0.8025996595516413,0.32416666666666666,0.32416666666666666
2026-01-09,2026-01-09 04:00:00,2026-01-11 10:00:00,2,48.0,plant,0.7120682987926829,0.853630109337552,0.9774543029289147,0.7934237965169013,0.27166666666666667,0.27166666666666667
2026-01-09,2026-01-09 04:00:00,2026-01-11 11:00:00,2,49.0,plant,0.8426912759537685,0.9505703015826847,0.9804402993528957,0.8800455678329318,0.4,0.4
2026-01-09,2026-01-09 04:00:00,2026-01-11 12:00:00,2,50.0,plant,0.8312203548674617,0.9462330551264678,0.9858640683577433,0.9207773186026531,0.6366666666666667,0.6366666666666667
2026-01-09,2026-01-09 04:00:00,2026-01-11 13:00:00,2,51.0,plant,0.8811014933686606,0.9802276944494367,0.9880786746876926,0.931478484205847,0.6008333333333333,0.6008333333333333
2026-01-09,2026-01-09 04:00:00,2026-01-11 14:00:00,2,52.0,plant,0.8757984201903958,0.9801619324551204,0.9909505326613789,0.9317317135102309,0.2941666666666667,0.2941666666666667
2026-01-09,2026-01-09 04:00:00,2026-01-11 15:00:00,2,53.0,plant,0.7892012702042303,0.986671388800685,0.9930635218563724,0.8992951145742848,0.22416666666666668,0.22416666666666668
2026-01-09,2026-01-09 04:00:00,2026-01-11 16:00:00,2,54.0,plant,0.6095303661039917,0.8944647761883862,0.9845970141489816,0.8426642775006626,0.25416666666666665,0.25416666666666665
2026-01-09,2026-01-09 04:00:00,2026-01-11 17:00:00,2,55.0,plant,0.3921383884993604,0.8072661800075037,0.9771960354932402,0.7236420559478358,0.21083333333333337,0.21083333333333337
2026-01-09,2026-01-09 04:00:00,2026-01-11 18:00:00,2,56.0,plant,0.26675283060160143,0.6977435814963103,0.9574351846122069,0.6917047153720757,0.45166666666666666,0.45166666666666666
2026-01-09,2026-01-09 04:00:00,2026-01-11 19:00:00,2,57.0,plant,0.23929737716877486,0.6220268364159083,0.9533929408574586,0.6679172657160171,0.45666666666666667,0.45666666666666667
2026-01-09,2026-01-09 04:00:00,2026-01-11 20:00:00,2,58.0,plant,0.24520698204651578,0.628337811573444,0.9004004956540959,0.6890045809098898,0.2808333333333333,0.2808333333333333
2026-01-09,2026-01-09 04:00:00,2026-01-11 21:00:00,2,59.0,plant,0.2296438754696921,0.6363953155821346,0.8817423665003663,0.6647109188609382,0.5491666666666667,0.5491666666666667
2026-01-09,2026-01-09 04:00:00,2026-01-11 22:00:00,2,60.0,plant,0.17257628304778974,0.5863959494358923,0.8688016406954286,0.5976586848502301,0.5341666666666667,0.5341666666666667
2026-01-09,2026-01-09 04:00:00,2026-01-11 23:00:00,2,61.0,plant,0.13463911113360047,0.5533245004213027,0.8337568942673689,0.5825601349495743,0.3308333333333333,0.3308333333333333
2026-01-10,2026-01-10 04:00:00,2026-01-11 00:00:00,1,14.0,plant,0.4046632997925534,0.7043838684577265,0.9381733176353542,0.7135597241260428,0.8558333333333333,0.8558333333333333
2026-01-10,2026-01-10 04:00:00,2026-01-11 01:00:00,1,15.0,plant,0.44914724005373147,0.7760314105538992,0.9585641437487674,0.7384476350090111,0.9083333333333333,0.9083333333333333
2026-01-10,2026-01-10 04:00:00,2026-01-11 02:00:00,1,16.0,plant,0.45258418568003655,0.7781010065879939,0.9696923284967982,0.7725293816028715,0.7024999999999999,0.7024999999999999
2026-01-10,2026-01-10 04:00:00,2026-01-11 03:00:00,1,17.0,plant,0.4392510442942581,0.7610941197453323,0.9736776101341572,0.7562009308408193,0.7291666666666666,0.7291666666666666
2026-01-10,2026-01-10 04:00:00,2026-01-11 04:00:00,1,18.0,plant,0.4477945852771901,0.7724196831488391,0.9662515707888695,0.7660738271434612,0.8366666666666667,0.8366666666666667
2026-01-10,2026-01-10 04:00:00,2026-01-11 05:00:00,1,19.0,plant,0.4568621357902401,0.7464745191648199,0.9559445813193344,0.7347457638877671,0.4741666666666666,0.4741666666666666
2026-01-10,2026-01-10 04:00:00,2026-01-11 06:00:00,1,20.0,plant,0.52925109597164,0.8403896819755142,0.9611324143226261,0.7969102588749913,0.5533333333333333,0.5533333333333333
2026-01-10,2026-01-10 04:00:00,2026-01-11 07:00:00,1,21.0,plant,0.5595678629109726,0.8592169753367166,0.9610137903503319,0.7960122383126155,0.4658333333333333,0.4658333333333333
2026-01-10,2026-01-10 04:00:00,2026-01-11 08:00:00,1,22.0,plant,0.5316649280047724,0.7722369527789283,0.9416982929950077,0.7323192832929286,0.21333333333333332,0.21333333333333332
2026-01-10,2026-01-10 04:00:00,2026-01-11 09:00:00,1,23.0,plant,0.574722176244191,0.8008562481827284,0.9546445011451612,0.7613973268054005,0.32416666666666666,0.32416666666666666
2026-01-10,2026-01-10 04:00:00,2026-01-11 10:00:00,1,24.0,plant,0.5891492840009959,0.8150549257075699,0.9619762841045033,0.7763123151246413,0.27166666666666667,0.27166666666666667
2026-01-10,2026-01-10 04:00:00,2026-01-11 11:00:00,1,25.0,plant,0.7000190958875006,0.8662840145161489,0.9686839765752252,0.772267837835881,0.4,0.4
2026-01-10,2026-01-10 04:00:00,2026-01-11 12:00:00,1,26.0,plant,0.5232420833573789,0.7801724882644484,0.9736615742506918,0.745734590520019,0.6366666666666667,0.6366666666666667
2026-01-10,2026-01-10 04:00:00,2026-01-11 13:00:00,1,27.0,plant,0.5681834363905308,0.8434355150022368,0.9787603545142929,0.8510090266965188,0.6008333333333333,0.6008333333333333
2026-01-10,2026-01-10 04:00:00,2026-01-11 14:00:00,1,28.0,plant,0.5989743520506998,0.9061687507087755,0.9832053905329373,0.875398082074443,0.2941666666666667,0.2941666666666667
2026-01-10,2026-01-10 04:00:00,2026-01-11 15:00:00,1,29.0,plant,0.5283712537405548,0.8793060553498221,0.9789081300146435,0.7861144384202794,0.22416666666666668,0.22416666666666668
2026-01-10,2026-01-10 04:00:00,2026-01-11 16:00:00,1,30.0,plant,0.3538217250788826,0.7139241751261654,0.9711462616735481,0.6896558762344907,0.25416666666666665,0.25416666666666665
2026-01-10,2026-01-10 04:00:00,2026-01-11 17:00:00,1,31.0,plant,0.2754531721909416,0.6839440029257345,0.9061573909829999,0.7019439392700544,0.21083333333333337,0.21083333333333337
2026-01-10,2026-01-10 04:00:00,2026-01-11 18:00:00,1,32.0,plant,0.13601822597954324,0.5866850590474509,0.820435596701947,0.5158006604394698,0.45166666666666666,0.45166666666666666
2026-01-10,2026-01-10 04:00:00,2026-01-11 19:00:00,1,33.0,plant,0.09049688783961765,0.4406032444838344,0.7325785399494593,0.43437359620313265,0.45666666666666667,0.45666666666666667
2026-01-10,2026-01-10 04:00:00,2026-01-11 20:00:00,1,34.0,plant,0.09842733039683273,0.40732452755137694,0.6910407407488482,0.4420753699750531,0.2808333333333333,0.2808333333333333
2026-01-10,2026-01-10 04:00:00,2026-01-11 21:00:00,1,35.0,plant,0.1070436613544799,0.43911450376313504,0.6770074948099261,0.513558690842681,0.5491666666666667,0.5491666666666667
2026-01-10,2026-01-10 04:00:00,2026-01-11 22:00:00,1,36.0,plant,0.14501118161838128,0.5089189895352734,0.727666535159878,0.5492829371856037,0.5341666666666667,0.5341666666666667
2026-01-10,2026-01-10 04:00:00,2026-01-11 23:00:00,1,37.0,plant,0.20779794099898713,0.528523540896353,0.7513835414672596,0.5331330688488549,0.3308333333333333,0.3308333333333333
2026-01-10,2026-01-10 04:00:00,2026-01-12 00:00:00,2,38.0,plant,0.2711767093869728,0.5100422418725069,0.8148516268630032,0.49240541105546176,0.5349999999999999,0.5349999999999999
2026-01-10,2026-01-10 04:00:00,2026-01-12 01:00:00,2,39.0,plant,0.24372634410750174,0.5027575478039055,0.8217087464120639,0.4786370345664812,0.3983333333333333,0.3983333333333333
2026-01-10,2026-01-10 04:00:00,2026-01-12 02:00:00,2,40.0,plant,0.2152838855430158,0.41325026725552894,0.7947325493493319,0.408868314829595,0.05750000000000001,0.05750000000000001
2026-01-10,2026-01-10 04:00:00,2026-01-12 03:00:00,2,41.0,plant,0.12243357051539834,0.3239681172220478,0.702319070670326,0.36529392848554965,0.0125,0.0125
2026-01-10,2026-01-10 04:00:00,2026-01-12 04:00:00,2,42.0,plant,0.06861386009291849,0.2657948863070093,0.5968124215347155,0.36099151005693153,0.0175,0.0175
2026-01-10,2026-01-10 04:00:00,2026-01-12 05:00:00,2,43.0,plant,0.025967497794095126,0.16729351818843657,0.5055881522159484,0.24882417560438783,0.01,0.01
2026-01-10,2026-01-10 04:00:00,2026-01-12 06:00:00,2,44.0,plant,0.0,0.11216192752755955,0.34627108461341255,0.16184315369616584,0.01,0.01
2026-01-10,2026-01-10 04:00:00,2026-01-12 07:00:00,2,45.0,plant,0.0036677146669051664,0.06542498249736918,0.2489767465801478,0.09019442458210807,0.01,0.01
2026-01-10,2026-01-10 04:00:00,2026-01-12 08:00:00,2,46.0,plant,0.0017141538486917553,0.03304439541065715,0.19829702894484727,0.07286825287499421,0.01,0.01
2026-01-10,2026-01-10 04:00:00,2026-01-12 09:00:00,2,47.0,plant,0.0015398382484758492,0.053718815181775494,0.3447447436452519,0.12193854534913541,0.01,0.01
2026-01-10,2026-01-10 04:00:00,2026-01-12 10:00:00,2,48.0,plant,0.0034243315995602314,0.07118117768689977,0.41033581079122905,0.15775785626951183,0.01,0.01
2026-01-10,2026-01-10 04:00:00,2026-01-12 11:00:00,2,49.0,plant,0.003715155536703562,0.13080025934327416,0.35259769100624516,0.17128995806837494,0.01,0.01
2026-01-10,2026-01-10 04:00:00,2026-01-12 12:00:00,2,50.0,plant,0.012238769608140434,0.25068282332265757,0.6395067780209382,0.22361171380021153,0.01,0.01
2026-01-10,2026-01-10 04:00:00,2026-01-12 13:00:00,2,51.0,plant,0.0595801025422876,0.4578393844264975,0.8548398849548376,0.460955730237335,0.1,0.1
2026-01-10,2026-01-10 04:00:00,2026-01-12 14:00:00,2,52.0,plant,0.2658549245800944,0.7325389708153022,0.9656544370826483,0.7106502851993038,0.1766666666666667,0.1766666666666667
2026-01-10,2026-01-10 04:00:00,2026-01-12 15:00:00,2,53.0,plant,0.6483155106059096,0.8701586015521005,0.9945700037547831,0.8468961437379323,0.06166666666666667,0.06166666666666667
2026-01-10,2026-01-10 04:00:00,2026-01-12 16:00:00,2,54.0,plant,0.7541943041431504,0.9391059178322709,0.9921941639191942,0.9053810230834259,0.145,0.145
2026-01-10,2026-01-10 04:00:00,2026-01-12 17:00:00,2,55.0,plant,0.4589873506724,0.8578635059181694,0.9877577798376156,0.8000622089062365,0.5633333333333334,0.5633333333333334
2026-01-10,2026-01-10 04:00:00,2026-01-12 18:00:00,2,56.0,plant,0.2654364574560963,0.6651124925456847,0.9514596752852562,0.6458033584456375,0.6191666666666666,0.6191666666666666
2026-01-10,2026-01-10 04:00:00,2026-01-12 19:00:00,2,57.0,plant,0.20472291468610196,0.6227108581304995,0.90733442484731,0.5774816051890198,0.585,0.585
2026-01-10,2026-01-10 04:00:00,2026-01-12 20:00:00,2,58.0,plant,0.07395291653752971,0.38339609878824615,0.8194712548418193,0.44069573455725153,0.5658333333333334,0.5658333333333334
2026-01-10,2026-01-10 04:00:00,2026-01-12 21:00:00,2,59.0,plant,0.02241322189265951,0.21800530096862222,0.6778284625382925,0.32255192265298105,0.285,0.285
2026-01-10,2026-01-10 04:00:00,2026-01-12 22:00:00,2,60.0,plant,0.012419667177519425,0.1503124012628373,0.5042773792351801,0.20849160410835918,0.265,0.265
2026-01-10,2026-01-10 04:00:00,2026-01-12 23:00:00,2,61.0,plant,0.008535885949721662,0.1736668685663533,0.574488907739795,0.24650921207058155,0.11666666666666667,0.11666666666666667
2026-01-11,2026-01-11 04:00:00,2026-01-12 00:00:00,1,14.0,plant,0.10018304912021259,0.35355416689652464,0.6627415620403962,0.35785586807896846,0.5349999999999999,0.5349999999999999
2026-01-11,2026-01-11 04:00:00,2026-01-12 01:00:00,1,15.0,plant,0.09002781138359862,0.3304225234140521,0.6334982298181666,0.3404924374190634,0.3983333333333333,0.3983333333333333
2026-01-11,2026-01-11 04:00:00,2026-01-12 02:00:00,1,16.0,plant,0.06897193764386102,0.17819355249370786,0.4969232664703281,0.2765910018560772,0.05750000000000001,0.05750000000000001
2026-01-11,2026-01-11 04:00:00,2026-01-12 03:00:00,1,17.0,plant,0.026690525873335452,0.11446063229210066,0.34162768702738655,0.22219334688512854,0.0125,0.0125
2026-01-11,2026-01-11 04:00:00,2026-01-12 04:00:00,1,18.0,plant,0.006789564173447377,0.033724972246084166,0.13397213553879456,0.13001922414770412,0.0175,0.0175
2026-01-11,2026-01-11 04:00:00,2026-01-12 05:00:00,1,19.0,plant,0.00461571027743938,0.02489301679178804,0.1664514083516459,0.08595165798438073,0.01,0.01
2026-01-11,2026-01-11 04:00:00,2026-01-12 06:00:00,1,20.0,plant,0.005281418770624625,0.015240654155412103,0.1281698431537747,0.04541659089735662,0.01,0.01
2026-01-11,2026-01-11 04:00:00,2026-01-12 07:00:00,1,21.0,plant,0.004051279785935985,0.02413636564466626,0.22196907573768615,0.061563071531341065,0.01,0.01
2026-01-11,2026-01-11 04:00:00,2026-01-12 08:00:00,1,22.0,plant,0.0049516970804538455,0.034020573582358944,0.21801783274257688,0.10698333397269408,0.01,0.01
2026-01-11,2026-01-11 04:00:00,2026-01-12 09:00:00,1,23.0,plant,0.0041020213936116415,0.05726773140211315,0.20079814631287318,0.12654329503443468,0.01,0.01
2026-01-11,2026-01-11 04:00:00,2026-01-12 10:00:00,1,24.0,plant,0.0068755591521367345,0.03985582299520893,0.20001485088411117,0.10218992674902726,0.01,0.01
2026-01-11,2026-01-11 04:00:00,2026-01-12 11:00:00,1,25.0,plant,0.0068006218163613056,0.04239244866764915,0.3096722066026122,0.12990390635123045,0.01,0.01
2026-01-11,2026-01-11 04:00:00,2026-01-12 12:00:00,1,26.0,plant,0.0027085025207193632,0.14213796137087484,0.3698415298564491,0.1763293540133082,0.01,0.01
2026-01-11,2026-01-11 04:00:00,2026-01-12 13:00:00,1,27.0,plant,0.040242129578456215,0.3449992670161517,0.650944518017877,0.3752020492745524,0.1,0.1
2026-01-11,2026-01-11 04:00:00,2026-01-12 14:00:00,1,28.0,plant,0.09227893804021965,0.5237734278459361,0.7892536450008113,0.5121814651106504,0.1766666666666667,0.1766666666666667
2026-01-11,2026-01-11 04:00:00,2026-01-12 15:00:00,1,29.0,plant,0.109964918025052,0.5888299260137166,0.8824882936295011,0.5281446645901309,0.06166666666666667,0.06166666666666667
2026-01-11,2026-01-11 04:00:00,2026-01-12 16:00:00,1,30.0,plant,0.09798161748463757,0.510558730587763,0.836464241214675,0.4591176923615127,0.145,0.145
2026-01-11,2026-01-11 04:00:00,2026-01-12 17:00:00,1,31.0,plant,0.0638178059477147,0.36297457395519495,0.7075891598069404,0.34071971791346783,0.5633333333333334,0.5633333333333334
2026-01-11,2026-01-11 04:00:00,2026-01-12 18:00:00,1,32.0,plant,0.029248704475966412,0.2881661393328246,0.6241200175159911,0.36511410850888554,0.6191666666666666,0.6191666666666666
2026-01-11,2026-01-11 04:00:00,2026-01-12 19:00:00,1,33.0,plant,0.032489875910166464,0.24571672500479236,0.5843862877416315,0.32315825193989484,0.585,0.585
2026-01-11,2026-01-11 04:00:00,2026-01-12 20:00:00,1,34.0,plant,0.021481327730069392,0.2041709325336867,0.5055388560924322,0.27690485252114333,0.5658333333333334,0.5658333333333334
2026-01-11,2026-01-11 04:00:00,2026-01-12 21:00:00,1,35.0,plant,0.024935456788051636,0.30896048944476573,0.562950308476162,0.32954884693220304,0.285,0.285
2026-01-11,2026-01-11 04:00:00,2026-01-12 22:00:00,1,36.0,plant,0.038567199040419456,0.326344364087758,0.6307237814774351,0.4061866372540842,0.265,0.265
2026-01-11,2026-01-11 04:00:00,2026-01-12 23:00:00,1,37.0,plant,0.031082716685919096,0.2784692588821139,0.6042225668644173,0.3326302062618319,0.11666666666666667,0.11666666666666667
2026-01-11,2026-01-11 04:00:00,2026-01-13 00:00:00,2,38.0,plant,0.020475856652560864,0.13582933128755212,0.45024481577818287,0.22461805150179892,0.22249999999999998,0.22249999999999998
2026-01-11,2026-01-11 04:00:00,2026-01-13 01:00:00,2,39.0,plant,0.013088142623817044,0.13042234896959423,0.4122480108713169,0.22610277870886153,0.13833333333333334,0.13833333333333334
2026-01-11,2026-01-11 04:00:00,2026-01-13 02:00:00,2,40.0,plant,0.01101202535133566,0.14926528319794588,0.46911570966618404,0.2541302555001265,0.14666666666666667,0.14666666666666667
2026-01-11,2026-01-11 04:00:00,2026-01-13 03:00:00,2,41.0,plant,0.007526430393797165,0.10878290315239532,0.49025350834844134,0.18903115861575498,0.22583333333333336,0.22583333333333336
2026-01-11,2026-01-11 04:00:00,2026-01-13 04:00:00,2,42.0,plant,0.005824358212768172,0.09520745656314784,0.31780979829297656,0.15864559477622983,0.17416666666666666,0.17416666666666666
2026-01-11,2026-01-11 04:00:00,2026-01-13 05:00:00,2,43.0,plant,0.003518220095908229,0.042207991114302665,0.2533577124613939,0.12808220684864643,0.046666666666666676,0.046666666666666676
2026-01-11,2026-01-11 04:00:00,2026-01-13 06:00:00,2,44.0,plant,0.0036464148347577106,0.021415601137512466,0.3081477510431739,0.07892826144351836,0.009166666666666667,0.009166666666666667
2026-01-11,2026-01-11 04:00:00,2026-01-13 07:00:00,2,45.0,plant,0.004012610759307897,0.02930353053448468,0.2475899713647994,0.0806469017324104,0.021666666666666667,0.021666666666666667
2026-01-11,2026-01-11 04:00:00,2026-01-13 08:00:00,2,46.0,plant,0.005191191924764198,0.039574662133580275,0.22881617378509006,0.08027146427036727,0.11166666666666666,0.11166666666666666
2026-01-11,2026-01-11 04:00:00,2026-01-13 09:00:00,2,47.0,plant,0.005136031675520598,0.050159668923429615,0.20885865380269886,0.09018497995125647,0.13,0.13
2026-01-11,2026-01-11 04:00:00,2026-01-13 10:00:00,2,48.0,plant,0.005511481064442144,0.08227774278152042,0.20016245657815274,0.08956528311308923,0.1741666666666667,0.1741666666666667
2026-01-11,2026-01-11 04:00:00,2026-01-13 11:00:00,2,49.0,plant,0.004185886570222705,0.0529891778965821,0.19407383978099613,0.10282469263987332,0.2333333333333333,0.2333333333333333
2026-01-11,2026-01-11 04:00:00,2026-01-13 12:00:00,2,50.0,plant,0.005453364122912574,0.07214603947943887,0.2875011287902267,0.13703236274475827,0.5091666666666667,0.5091666666666667
2026-01-11,2026-01-11 04:00:00,2026-01-13 13:00:00,2,51.0,plant,0.008711965964905033,0.12505417717442288,0.4898948968607045,0.18120031652294924,0.6733333333333333,0.6733333333333333
2026-01-11,2026-01-11 04:00:00,2026-01-13 14:00:00,2,52.0,plant,0.0218456308801283,0.1752081647612403,0.6460517172015585,0.246440044875171,0.8,0.8
2026-01-11,2026-01-11 04:00:00,2026-01-13 15:00:00,2,53.0,plant,0.04178927058653927,0.3474311469511194,0.8521149445860661,0.39050955147033234,0.9841666666666666,0.9841666666666666
2026-01-11,2026-01-11 04:00:00,2026-01-13 16:00:00,2,54.0,plant,0.06522935367077776,0.4478345506967987,0.8374685033739463,0.4730240197481719,0.9891666666666665,0.9891666666666665
2026-01-11,2026-01-11 04:00:00,2026-01-13 17:00:00,2,55.0,plant,0.1652889302027013,0.6298872161812507,0.9425299144839874,0.659870304725906,0.9899999999999999,0.9899999999999999
2026-01-11,2026-01-11 04:00:00,2026-01-13 18:00:00,2,56.0,plant,0.22976090167076396,0.7375080055990111,0.9650154406802889,0.7781639582356273,0.9899999999999999,0.9899999999999999
2026-01-11,2026-01-11 04:00:00,2026-01-13 19:00:00,2,57.0,plant,0.3993279056413267,0.8701981474443087,1.0,0.815636088804305,0.9908333333333332,0.9908333333333332
2026-01-11,2026-01-11 04:00:00,2026-01-13 20:00:00,2,58.0,plant,0.571400738959426,0.9183251595106541,1.0,0.8466896835127204,0.9924999999999999,0.9924999999999999
2026-01-11,2026-01-11 04:00:00,2026-01-13 21:00:00,2,59.0,plant,0.43589512142937076,0.897688728901305,0.9902319374610324,0.82584977219375,0.9483333333333334,0.9483333333333334
2026-01-11,2026-01-11 04:00:00,2026-01-13 22:00:00,2,60.0,plant,0.36265563022975345,0.8444568636643408,0.9903504975889507,0.7758486341820627,0.9624999999999999,0.9624999999999999
2026-01-11,2026-01-11 04:00:00,2026-01-13 23:00:00,2,61.0,plant,0.36235111151473054,0.8771543317983168,0.9706393687803211,0.7996223916550212,0.8816666666666667,0.8816666666666667
2026-01-12,2026-01-12 04:00:00,2026-01-13 00:00:00,1,14.0,plant,0.008030870629296381,0.10422217422182864,0.23526959268279593,0.17996222972457745,0.22249999999999998,0.22249999999999998
2026-01-12,2026-01-12 04:00:00,2026-01-13 01:00:00,1,15.0,plant,0.00793567936633438,0.07456018715851188,0.265267063547642,0.1563478209176487,0.13833333333333334,0.13833333333333334
2026-01-12,2026-01-12 04:00:00,2026-01-13 02:00:00,1,16.0,plant,0.00702849646908931,0.06453258825945424,0.16987596127117535,0.09910678890995112,0.14666666666666667,0.14666666666666667
2026-01-12,2026-01-12 04:00:00,2026-01-13 03:00:00,1,17.0,plant,0.006722572110695025,0.02202140197876569,0.05276033085480579,0.08343215057658766,0.22583333333333336,0.22583333333333336
2026-01-12,2026-01-12 04:00:00,2026-01-13 04:00:00,1,18.0,plant,0.005480303935996542,0.03964033557747151,0.06253838310662438,0.07731896491908992,0.17416666666666666,0.17416666666666666
2026-01-12,2026-01-12 04:00:00,2026-01-13 05:00:00,1,19.0,plant,0.005303580386073905,0.0274824320201395,0.03720966714013665,0.05660823819627206,0.046666666666666676,0.046666666666666676
2026-01-12,2026-01-12 04:00:00,2026-01-13 06:00:00,1,20.0,plant,0.005515592015067895,0.017973195747474035,0.05803925044518016,0.04117334011131823,0.009166666666666667,0.009166666666666667
2026-01-12,2026-01-12 04:00:00,2026-01-13 07:00:00,1,21.0,plant,0.0054174450977514275,0.01564407170835037,0.04115784866070476,0.037741730185147225,0.021666666666666667,0.021666666666666667
2026-01-12,2026-01-12 04:00:00,2026-01-13 08:00:00,1,22.0,plant,0.0054911157950464405,0.015042561893792987,0.05625451549521233,0.040006451841609655,0.11166666666666666,0.11166666666666666
2026-01-12,2026-01-12 04:00:00,2026-01-13 09:00:00,1,23.0,plant,0.005763219429023989,0.018248872910909583,0.07540416918292875,0.039134210356733284,0.13,0.13
2026-01-12,2026-01-12 04:00:00,2026-01-13 10:00:00,1,24.0,plant,0.00553469170633607,0.01599723373501835,0.061128292492473646,0.048799296514395206,0.1741666666666667,0.1741666666666667
2026-01-12,2026-01-12 04:00:00,2026-01-13 11:00:00,1,25.0,plant,0.008239294260731177,0.058781912114989655,0.1940404896150575,0.11132840054806598,0.2333333333333333,0.2333333333333333
2026-01-12,2026-01-12 04:00:00,2026-01-13 12:00:00,1,26.0,plant,0.02867293424826637,0.2213800817329307,0.49700598209521285,0.2506253622990235,0.5091666666666667,0.5091666666666667
2026-01-12,2026-01-12 04:00:00,2026-01-13 13:00:00,1,27.0,plant,0.05951143715391951,0.3539945356078294,0.6658571319384293,0.34077576869355053,0.6733333333333333,0.6733333333333333
2026-01-12,2026-01-12 04:00:00,2026-01-13 14:00:00,1,28.0,plant,0.11469181032010042,0.5138231455748037,0.8735903598313581,0.5471344172052106,0.8,0.8
2026-01-12,2026-01-12 04:00:00,2026-01-13 15:00:00,1,29.0,plant,0.17255571393618355,0.6780282660892097,1.0,0.7188361709422582,0.9841666666666666,0.9841666666666666
2026-01-12,2026-01-12 04:00:00,2026-01-13 16:00:00,1,30.0,plant,0.36684672309542027,0.8304181567390382,1.0,0.8090827465084827,0.9891666666666665,0.9891666666666665
2026-01-12,2026-01-12 04:00:00,2026-01-13 17:00:00,1,31.0,plant,0.5562528176124517,0.8963109822687723,0.983442110528586,0.8638225378541741,0.9899999999999999,0.9899999999999999
2026-01-12,2026-01-12 04:00:00,2026-01-13 18:00:00,1,32.0,plant,0.6078263304101194,0.9331976119444207,0.9940874530789018,0.895707404063195,0.9899999999999999,0.9899999999999999
2026-01-12,2026-01-12 04:00:00,2026-01-13 19:00:00,1,33.0,plant,0.643648641131826,0.9638278232774281,0.9944077631773661,0.9006306127996859,0.9908333333333332,0.9908333333333332
2026-01-12,2026-01-12 04:00:00,2026-01-13 20:00:00,1,34.0,plant,0.6008955013093602,0.9701563436080772,0.986331262192576,0.8965530867257725,0.9924999999999999,0.9924999999999999
2026-01-12,2026-01-12 04:00:00,2026-01-13 21:00:00,1,35.0,plant,0.43417566552241726,0.8857352837356153,0.981240350292588,0.8177363408960777,0.9483333333333334,0.9483333333333334
2026-01-12,2026-01-12 04:00:00,2026-01-13 22:00:00,1,36.0,plant,0.39154408790979334,0.8324853936894957,0.984805222392191,0.7882201383152102,0.9624999999999999,0.9624999999999999
2026-01-12,2026-01-12 04:00:00,2026-01-13 23:00:00,1,37.0,plant,0.3660009029508283,0.7711763307045278,0.9667206111955627,0.7639159634843015,0.8816666666666667,0.8816666666666667
2026-01-12,2026-01-12 04:00:00,2026-01-14 00:00:00,2,38.0,plant,0.28650825316201356,0.7407238702218781,0.9551084967104316,0.7426779774955964,0.7291666666666667,0.7291666666666667
2026-01-12,2026-01-12 04:00:00,2026-01-14 01:00:00,2,39.0,plant,0.25483012390125304,0.6973534103062456,0.948812612151853,0.7466344795859164,0.8141666666666667,0.8141666666666667
2026-01-12,2026-01-12 04:00:00,2026-01-14 02:00:00,2,40.0,plant,0.20095559769324106,0.6791102185765848,0.9294356339826317,0.7308188329355516,0.9241666666666666,0.9241666666666666
2026-01-12,2026-01-12 04:00:00,2026-01-14 03:00:00,2,41.0,plant,0.14973814104690875,0.6286611073530186,0.862358707112919,0.6279979425543855,0.8108333333333333,0.8108333333333333
2026-01-12,2026-01-12 04:00:00,2026-01-14 04:00:00,2,42.0,plant,0.10508356158932523,0.534367409011948,0.8689507553911252,0.5388896638487285,0.5349999999999999,0.5349999999999999
2026-01-12,2026-01-12 04:00:00,2026-01-14 05:00:00,2,43.0,plant,0.10468134835519334,0.4879353427412487,0.7855325275734619,0.5373467462520543,0.33,0.33
2026-01-12,2026-01-12 04:00:00,2026-01-14 06:00:00,2,44.0,plant,0.11852458578813342,0.5727376230215174,0.846978502352288,0.6616210864640902,0.07750000000000001,0.07750000000000001
2026-01-12,2026-01-12 04:00:00,2026-01-14 07:00:00,2,45.0,plant,0.08674351870897827,0.5272932900652337,0.79181994772505,0.5417649267570521,0.03416666666666667,0.03416666666666667
2026-01-12,2026-01-12 04:00:00,2026-01-14 08:00:00,2,46.0,plant,0.06272250641304637,0.32699710692434786,0.7064322958212529,0.3560165975823795,0.3325,0.3325
2026-01-12,2026-01-12 04:00:00,2026-01-14 09:00:00,2,47.0,plant,0.01599173919798398,0.16036235013507066,0.504162752857166,0.19586202273578412,0.2616666666666667,0.2616666666666667
2026-01-12,2026-01-12 04:00:00,2026-01-14 10:00:00,2,48.0,plant,0.0075646791331376575,0.11786572617380962,0.40353982297341257,0.13846382388800102,0.05083333333333334,0.05083333333333334
2026-01-12,2026-01-12 04:00:00,2026-01-14 11:00:00,2,49.0,plant,0.0019288054017437255,0.11154821633599249,0.3610550042340139,0.13906841624192406,0.021666666666666667,0.021666666666666667
2026-01-12,2026-01-12 04:00:00,2026-01-14 12:00:00,2,50.0,plant,0.01195985528959407,0.10489697156543633,0.5315809858878675,0.1989751979919452,0.06666666666666668,0.06666666666666668
2026-01-12,2026-01-12 04:00:00,2026-01-14 13:00:00,2,51.0,plant,0.0013584227870344053,0.08467355121445476,0.45847843929633497,0.1635725297270503,0.11916666666666667,0.11916666666666667
2026-01-12,2026-01-12 04:00:00,2026-01-14 14:00:00,2,52.0,plant,0.0035635922790343043,0.04864927653739768,0.4263107820073912,0.14114541575003595,0.1366666666666667,0.1366666666666667
2026-01-12,2026-01-12 04:00:00,2026-01-14 15:00:00,2,53.0,plant,0.0021705198291997723,0.06582324189791336,0.34802204708493234,0.13453242473574306,0.15916666666666668,0.15916666666666668
2026-01-12,2026-01-12 04:00:00,2026-01-14 16:00:00,2,54.0,plant,0.004040574120387924,0.08444486803662621,0.43255723796291023,0.14009487269743692,0.1175,0.1175
2026-01-12,2026-01-12 04:00:00,2026-01-14 17:00:00,2,55.0,plant,0.009756017709353686,0.12966507252685347,0.5440912845130003,0.2172210282709418,0.16166666666666668,0.16166666666666668
2026-01-12,2026-01-12 04:00:00,2026-01-14 18:00:00,2,56.0,plant,0.026271901305714437,0.28531439411671533,0.8310034538128955,0.3541693068650734,0.13666666666666666,0.13666666666666666
2026-01-12,2026-01-12 04:00:00,2026-01-14 19:00:00,2,57.0,plant,0.031965086339801906,0.2776250291871478,0.7984820793319226,0.33739970103248507,0.135,0.135
2026-01-12,2026-01-12 04:00:00,2026-01-14 20:00:00,2,58.0,plant,0.039577984053497384,0.2765999279237231,0.8365971581660876,0.3929174066711152,0.2025,0.2025
2026-01-12,2026-01-12 04:00:00,2026-01-14 21:00:00,2,59.0,plant,0.04154958679305102,0.2780537638259812,0.7769828453306599,0.4281725925646229,0.36416666666666664,0.36416666666666664
2026-01-12,2026-01-12 04:00:00,2026-01-14 22:00:00,2,60.0,plant,0.04246215934888429,0.27542466598025706,0.7238440107982257,0.3949758660439637,0.2583333333333333,0.2583333333333333
2026-01-12,2026-01-12 04:00:00,2026-01-14 23:00:00,2,61.0,plant,0.03680181987771771,0.23610818334748931,0.6709309744621126,0.30983462825669156,0.12083333333333333,0.12083333333333333
2026-01-13,2026-01-13 04:00:00,2026-01-14 00:00:00,1,14.0,plant,0.22021575900611778,0.6796911073745341,0.9191198327499784,0.7371547532368875,0.7291666666666667,0.7291666666666667
2026-01-13,2026-01-13 04:00:00,2026-01-14 01:00:00,1,15.0,plant,0.19050611265834203,0.6554510716754804,0.8974457686679498,0.642448039121373,0.8141666666666667,0.8141666666666667
2026-01-13,2026-01-13 04:00:00,2026-01-14 02:00:00,1,16.0,plant,0.14609676071029198,0.6144702575599404,0.8357587716595237,0.5911406855493415,0.9241666666666666,0.9241666666666666
2026-01-13,2026-01-13 04:00:00,2026-01-14 03:00:00,1,17.0,plant,0.12614139552041473,0.554882221941627,0.8084286089718155,0.5420181775311085,0.8108333333333333,0.8108333333333333
2026-01-13,2026-01-13 04:00:00,2026-01-14 04:00:00,1,18.0,plant,0.08565873005587127,0.45752945444299725,0.7187473845938995,0.46387232651661386,0.5349999999999999,0.5349999999999999
2026-01-13,2026-01-13 04:00:00,2026-01-14 05:00:00,1,19.0,plant,0.036490377562133386,0.2746818717587455,0.5325241019185688,0.3297375299774072,0.33,0.33
2026-01-13,2026-01-13 04:00:00,2026-01-14 06:00:00,1,20.0,plant,0.012322086000277267,0.1403944864397154,0.39996123793573646,0.16820308498612094,0.07750000000000001,0.07750000000000001
2026-01-13,2026-01-13 04:00:00,2026-01-14 07:00:00,1,21.0,plant,0.007399458895497074,0.06583267713720622,0.26976228669062646,0.10610678227846543,0.03416666666666667,0.03416666666666667
2026-01-13,2026-01-13 04:00:00,2026-01-14 08:00:00,1,22.0,plant,0.00582627004853739,0.025883127599814,0.18005473211619596,0.10148831486209121,0.3325,0.3325
2026-01-13,2026-01-13 04:00:00,2026-01-14 09:00:00,1,23.0,plant,0.004865799131588306,0.026791259824084524,0.16077050532226633,0.09304727426047367,0.2616666666666667,0.2616666666666667
2026-01-13,2026-01-13 04:00:00,2026-01-14 10:00:00,1,24.0,plant,0.0056537373655643425,0.029113291766717342,0.07063699190450076,0.06966758947375114,0.05083333333333334,0.05083333333333334
2026-01-13,2026-01-13 04:00:00,2026-01-14 11:00:00,1,25.0,plant,0.003941273440947668,0.029472332582540957,0.05140571340322883,0.0669270999027049,0.021666666666666667,0.021666666666666667
2026-01-13,2026-01-13 04:00:00,2026-01-14 12:00:00,1,26.0,plant,0.0002374813002635097,0.01648943972863177,0.08496283687531718,0.06567874560923191,0.06666666666666668,0.06666666666666668
2026-01-13,2026-01-13 04:00:00,2026-01-14 13:00:00,1,27.0,plant,0.004375806953985056,0.022444123767896583,0.157260617286153,0.07546444622030778,0.11916666666666667,0.11916666666666667
2026-01-13,2026-01-13 04:00:00,2026-01-14 14:00:00,1,28.0,plant,0.003788386032075544,0.037306660683028146,0.13330919271151087,0.07830429803967404,0.1366666666666667,0.1366666666666667
2026-01-13,2026-01-13 04:00:00,2026-01-14 15:00:00,1,29.0,plant,0.005546486040498541,0.05551257529495965,0.23021598361213275,0.09420573884503357,0.15916666666666668,0.15916666666666668
2026-01-13,2026-01-13 04:00:00,2026-01-14 16:00:00,1,30.0,plant,0.0058402339538708775,0.08693921322502404,0.3172036564138109,0.11971075926877368,0.1175,0.1175
2026-01-13,2026-01-13 04:00:00,2026-01-14 17:00:00,1,31.0,plant,0.010655334216408296,0.15761657852791322,0.41427104780267865,0.18973265134724482,0.16166666666666668,0.16166666666666668
2026-01-13,2026-01-13 04:00:00,2026-01-14 18:00:00,1,32.0,plant,0.026491154802975616,0.24709618009508227,0.5989026077783514,0.3224647487363554,0.13666666666666666,0.13666666666666666
2026-01-13,2026-01-13 04:00:00,2026-01-14 19:00:00,1,33.0,plant,0.03407633521149295,0.2763568905347428,0.7112034711315415,0.3333306877851196,0.135,0.135
2026-01-13,2026-01-13 04:00:00,2026-01-14 20:00:00,1,34.0,plant,0.052451081565247804,0.3164935530934102,0.829639010086706,0.4575762441433246,0.2025,0.2025
2026-01-13,2026-01-13 04:00:00,2026-01-14 21:00:00,1,35.0,plant,0.05424119446728899,0.3719544519390877,0.8476166976975248,0.4409687357917367,0.36416666666666664,0.36416666666666664
2026-01-13,2026-01-13 04:00:00,2026-01-14 22:00:00,1,36.0,plant,0.05989450948182868,0.3411661992018634,0.7381034423817885,0.4027188443366399,0.2583333333333333,0.2583333333333333
2026-01-13,2026-01-13 04:00:00,2026-01-14 23:00:00,1,37.0,plant,0.047704524156497216,0.33960756715557333,0.7117307727548228,0.35742006056591186,0.12083333333333333,0.12083333333333333
2026-01-13,2026-01-13 04:00:00,2026-01-15 00:00:00,2,38.0,plant,0.04630647668129567,0.2976044460842129,0.6869268785864274,0.3490058378338033,0.05333333333333333,0.05333333333333333
2026-01-13,2026-01-13 04:00:00,2026-01-15 01:00:00,2,39.0,plant,0.03533183539786394,0.20634221854466264,0.58344274281588,0.25648234925532465,0.02,0.02
2026-01-13,2026-01-13 04:00:00,2026-01-15 02:00:00,2,40.0,plant,0.020550923416690518,0.14489521290635426,0.5193335872761312,0.20609351444283835,0.016,0.015833333333333335
2026-01-13,2026-01-13 04:00:00,2026-01-15 03:00:00,2,41.0,plant,0.003707338554465085,0.07951244406390597,0.3660592003758678,0.1294381511434708,0.011833333333333335,0.011666666666666667
2026-01-13,2026-01-13 04:00:00,2026-01-15 04:00:00,2,42.0,plant,0.004926330514800078,0.046850036869591154,0.2456650262503546,0.09156134708649818,0.01,0.01
2026-01-13,2026-01-13 04:00:00,2026-01-15 05:00:00,2,43.0,plant,0.004586250826517461,0.01992618011275533,0.21801557799649438,0.07675500098410618,0.01,0.01
2026-01-13,2026-01-13 04:00:00,2026-01-15 06:00:00,2,44.0,plant,0.004078184277991888,0.03573056529373563,0.15005015169654695,0.07616910947580602,0.01,0.01
2026-01-13,2026-01-13 04:00:00,2026-01-15 07:00:00,2,45.0,plant,0.004563774310254722,0.02897393172858895,0.15861904591784526,0.07259227274503362,0.01,0.01
2026-01-13,2026-01-13 04:00:00,2026-01-15 08:00:00,2,46.0,plant,0.00381008261892016,0.030775716543670437,0.15084987373113198,0.08690383909524975,0.01,0.01
2026-01-13,2026-01-13 04:00:00,2026-01-15 09:00:00,2,47.0,plant,0.003910162338589754,0.022507596970553594,0.0541510317496684,0.0538442113165803,0.01,0.01
2026-01-13,2026-01-13 04:00:00,2026-01-15 10:00:00,2,48.0,plant,0.0033557466219547106,0.01072111249709867,0.03657060339628367,0.04467001707395577,0.01,0.01
2026-01-13,2026-01-13 04:00:00,2026-01-15 11:00:00,2,49.0,plant,0.0029550788235518525,0.015846601747054934,0.06751103941500644,0.03545532927106531,0.01,0.01
2026-01-13,2026-01-13 04:00:00,2026-01-15 12:00:00,2,50.0,plant,0.003076129998915226,0.013475352381185874,0.02110291543658694,0.03567219969402147,0.01,0.01
2026-01-13,2026-01-13 04:00:00,2026-01-15 13:00:00,2,51.0,plant,0.003121530761791791,0.010240688494101766,0.11535292626658009,0.03949761272911143,0.01,0.01
2026-01-13,2026-01-13 04:00:00,2026-01-15 14:00:00,2,52.0,plant,0.004261557162635343,0.028453435960858198,0.19662993747167684,0.09269513115771598,0.0075,0.0075
2026-01-13,2026-01-13 04:00:00,2026-01-15 15:00:00,2,53.0,plant,0.005549207092267044,0.0710670536035067,0.3592575293367002,0.13997743944320554,0.0225,0.0225
2026-01-13,2026-01-13 04:00:00,2026-01-15 16:00:00,2,54.0,plant,0.003934109010938718,0.09419050912913192,0.34522264267778247,0.12779806180353884,0.044166666666666674,0.044166666666666674
2026-01-13,2026-01-13 04:00:00,2026-01-15 17:00:00,2,55.0,plant,0.004511988863934343,0.056532036577340086,0.2521753793921399,0.11264015879635436,0.08499999999999999,0.08499999999999999
2026-01-13,2026-01-13 04:00:00,2026-01-15 18:00:00,2,56.0,plant,0.0036684286679949376,0.023529789735690008,0.11008644251197976,0.05807281718409822,0.0975,0.0975
2026-01-13,2026-01-13 04:00:00,2026-01-15 19:00:00,2,57.0,plant,0.004670976927935337,0.05236777048756679,0.20045243870657903,0.08546151172472062,0.060000000000000005,0.060000000000000005
2026-01-13,2026-01-13 04:00:00,2026-01-15 20:00:00,2,58.0,plant,0.0020074685952055334,0.07471119738605991,0.33166500118925957,0.12368319162727594,0.11249999999999999,0.11249999999999999
2026-01-13,2026-01-13 04:00:00,2026-01-15 21:00:00,2,59.0,plant,0.00447452753963246,0.07891155625268642,0.3631766791451464,0.17466448283403654,0.24833333333333335,0.24833333333333335
2026-01-13,2026-01-13 04:00:00,2026-01-15 22:00:00,2,60.0,plant,0.00213860663507369,0.05686181121349328,0.2688950933482343,0.16517835994809663,0.050833333333333335,0.050833333333333335
2026-01-13,2026-01-13 04:00:00,2026-01-15 23:00:00,2,61.0,plant,0.0048443778776774285,0.053786899202621606,0.2567722940156809,0.1269730830321148,0.008333333333333333,0.008333333333333333
2026-01-14,2026-01-14 04:00:00,2026-01-15 00:00:00,1,14.0,plant,0.05312879304656336,0.33654178205300234,0.6248088955457117,0.34732333190193254,0.05333333333333333,0.05333333333333333
2026-01-14,2026-01-14 04:00:00,2026-01-15 01:00:00,1,15.0,plant,0.03244909211513863,0.19062478340412012,0.5711270414932594,0.2375079460604363,0.02,0.02
2026-01-14,2026-01-14 04:00:00,2026-01-15 02:00:00,1,16.0,plant,0.017292674978559526,0.12703148300233644,0.4846723557940331,0.18315338961336747,0.016,0.015833333333333335
2026-01-14,2026-01-14 04:00:00,2026-01-15 03:00:00,1,17.0,plant,0.0062745590855931245,0.07708599435460133,0.30612307199107963,0.11993926723754218,0.011833333333333335,0.011666666666666667
2026-01-14,2026-01-14 04:00:00,2026-01-15 04:00:00,1,18.0,plant,0.006289018627543045,0.05166401013353256,0.2741313585127262,0.10893392190033993,0.01,0.01
2026-01-14,2026-01-14 04:00:00,2026-01-15 05:00:00,1,19.0,plant,0.005707384083271359,0.03689523875748852,0.233693690883538,0.09762767360439112,0.01,0.01
2026-01-14,2026-01-14 04:00:00,2026-01-15 06:00:00,1,20.0,plant,0.005644494051794118,0.015518686358585838,0.09023466780163256,0.06498385461375504,0.01,0.01
2026-01-14,2026-01-14 04:00:00,2026-01-15 07:00:00,1,21.0,plant,0.005536839206116205,0.012053185768498342,0.08280062826651138,0.06062908685744428,0.01,0.01
2026-01-14,2026-01-14 04:00:00,2026-01-15 08:00:00,1,22.0,plant,0.004713136956521566,0.014857829939082901,0.0692481501310875,0.04977685628594984,0.01,0.01
2026-01-14,2026-01-14 04:00:00,2026-01-15 09:00:00,1,23.0,plant,0.0,0.008818081494199362,0.016535899329602286,0.028719057345918706,0.01,0.01
2026-01-14,2026-01-14 04:00:00,2026-01-15 10:00:00,1,24.0,plant,0.0025491512040453244,0.008650141614376355,0.019575216186005332,0.024346855008847056,0.01,0.01
2026-01-14,2026-01-14 04:00:00,2026-01-15 11:00:00,1,25.0,plant,0.005076955686974951,0.022444372554277742,0.10082529367403688,0.031578251613881336,0.01,0.01
2026-01-14,2026-01-14 04:00:00,2026-01-15 12:00:00,1,26.0,plant,0.006737240951110643,0.028158753089121774,0.03809652758425497,0.059516339865696107,0.01,0.01
2026-01-14,2026-01-14 04:00:00,2026-01-15 13:00:00,1,27.0,plant,0.005909010404364667,0.03979948314200516,0.0824415002507447,0.06101568156362193,0.01,0.01
2026-01-14,2026-01-14 04:00:00,2026-01-15 14:00:00,1,28.0,plant,0.01306378094304345,0.04294644840836476,0.0806995987029119,0.0975156335060934,0.0075,0.0075
2026-01-14,2026-01-14 04:00:00,2026-01-15 15:00:00,1,29.0,plant,0.007098947295700997,0.05417510969802112,0.1617388517186531,0.10966951461247453,0.0225,0.0225
2026-01-14,2026-01-14 04:00:00,2026-01-15 16:00:00,1,30.0,plant,0.0072909033408656435,0.046796441530811216,0.19504490727448515,0.08183018683668536,0.044166666666666674,0.044166666666666674
2026-01-14,2026-01-14 04:00:00,2026-01-15 17:00:00,1,31.0,plant,0.005751974891509594,0.03112140873122184,0.1325734562977607,0.08840185816684942,0.08499999999999999,0.08499999999999999
2026-01-14,2026-01-14 04:00:00,2026-01-15 18:00:00,1,32.0,plant,0.006969376508480883,0.08124953919798471,0.4019419436676455,0.13952626533284593,0.0975,0.0975
2026-01-14,2026-01-14 04:00:00,2026-01-15 19:00:00,1,33.0,plant,0.010505955509664985,0.13175794890840442,0.4443364776617786,0.17301765048330564,0.060000000000000005,0.060000000000000005
2026-01-14,2026-01-14 04:00:00,2026-01-15 20:00:00,1,34.0,plant,0.0070494076753336325,0.08276446800315448,0.36368872139890546,0.11522138810607391,0.11249999999999999,0.11249999999999999
2026-01-14,2026-01-14 04:00:00,2026-01-15 21:00:00,1,35.0,plant,0.005076341597121695,0.04170013934201255,0.32209327413739924,0.09586566704882815,0.24833333333333335,0.24833333333333335
2026-01-14,2026-01-14 04:00:00,2026-01-15 22:00:00,1,36.0,plant,0.004361695614430629,0.03263892771467983,0.1135516058471464,0.06561718234282865,0.050833333333333335,0.050833333333333335
2026-01-14,2026-01-14 04:00:00,2026-01-15 23:00:00,1,37.0,plant,0.005895411193857913,0.02281251062847517,0.04438193137980509,0.0452304324981692,0.008333333333333333,0.008333333333333333
2026-01-14,2026-01-14 04:00:00,2026-01-16 00:00:00,2,38.0,plant,0.004150515480388421,0.020503438262474853,0.2786750570950694,0.07238798464394482,0.10350000000000001,0.09666666666666668
2026-01-14,2026-01-14 04:00:00,2026-01-16 01:00:00,2,39.0,plant,0.0026397249323320505,0.030220240623805097,0.23607292131279645,0.0741491356345871,0.13916666666666666,0.13916666666666666
2026-01-14,2026-01-14 04:00:00,2026-01-16 02:00:00,2,40.0,plant,0.00038903386429442206,0.009062516554289147,0.06553992317856415,0.06203997808554993,0.07833333333333334,0.07833333333333334
2026-01-14,2026-01-14 04:00:00,2026-01-16 03:00:00,2,41.0,plant,0.0036423376702356654,0.02138943923163172,0.11122296491189192,0.06688316620766191,0.049166666666666664,0.049166666666666664
2026-01-14,2026-01-14 04:00:00,2026-01-16 04:00:00,2,42.0,plant,0.002335591006304343,0.03431391110123307,0.19708285542626203,0.08436875189809494,0.03833333333333333,0.03833333333333333
2026-01-14,2026-01-14 04:00:00,2026-01-16 05:00:00,2,43.0,plant,0.008567513728517696,0.06410829718462976,0.31678442868045575,0.11575229037532302,0.013333333333333334,0.013333333333333334
2026-01-14,2026-01-14 04:00:00,2026-01-16 06:00:00,2,44.0,plant,0.012513988427493381,0.07063616470982702,0.24461986207144287,0.10204598780629145,0.03666666666666667,0.03666666666666667
2026-01-14,2026-01-14 04:00:00,2026-01-16 07:00:00,2,45.0,plant,0.014914673761683636,0.10110734358216725,0.2928102172820458,0.13813397366919672,0.025,0.023333333333333334
2026-01-14,2026-01-14 04:00:00,2026-01-16 08:00:00,2,46.0,plant,0.015940370113987374,0.09776029280658796,0.34679390604709415,0.15975065445154382,0.02625,0.024166666666666666
2026-01-14,2026-01-14 04:00:00,2026-01-16 09:00:00,2,47.0,plant,0.021712686076627182,0.14139694475426695,0.4638525677784289,0.19206280910753287,0.05333333333333334,0.04916666666666667
2026-01-14,2026-01-14 04:00:00,2026-01-16 10:00:00,2,48.0,plant,0.029716518357847745,0.16331356140247955,0.5639131447567892,0.1965802450659806,0.021666666666666667,0.021666666666666667
2026-01-14,2026-01-14 04:00:00,2026-01-16 11:00:00,2,49.0,plant,0.030821699372708778,0.184174987427533,0.5305060870990558,0.19852261269878563,0.03666666666666667,0.03666666666666667
2026-01-14,2026-01-14 04:00:00,2026-01-16 12:00:00,2,50.0,plant,0.038966021479527976,0.23450532620719272,0.5717467041004689,0.2264083660280519,0.03833333333333333,0.03833333333333333
2026-01-14,2026-01-14 04:00:00,2026-01-16 13:00:00,2,51.0,plant,0.04591265963189879,0.30212564073142595,0.6472595021026732,0.2573438942761272,0.0975,0.0975
2026-01-14,2026-01-14 04:00:00,2026-01-16 14:00:00,2,52.0,plant,0.08039457255314586,0.3885989169847002,0.7241063715787667,0.4313376124079645,0.22249999999999998,0.22249999999999998
2026-01-14,2026-01-14 04:00:00,2026-01-16 15:00:00,2,53.0,plant,0.0797346152322338,0.454590819080869,0.75295775888332,0.4883900206732236,0.40583333333333327,0.40583333333333327
2026-01-14,2026-01-14 04:00:00,2026-01-16 16:00:00,2,54.0,plant,0.14286754916619987,0.5374009954741295,0.8062552753590204,0.5493560667503988,0.41500000000000004,0.41500000000000004
2026-01-14,2026-01-14 04:00:00,2026-01-16 17:00:00,2,55.0,plant,0.22460018164601617,0.6788785154278281,0.8853454865796292,0.6473382340652021,0.44833333333333336,0.44833333333333336
2026-01-14,2026-01-14 04:00:00,2026-01-16 18:00:00,2,56.0,plant,0.23318572014340538,0.6761605538586895,0.896596489328204,0.6623358452420535,0.6383333333333334,0.6383333333333334
2026-01-14,2026-01-14 04:00:00,2026-01-16 19:00:00,2,57.0,plant,0.23516284724749198,0.713978408080383,0.9052127406988635,0.6536251452156806,0.7791666666666666,0.7791666666666666
2026-01-14,2026-01-14 04:00:00,2026-01-16 20:00:00,2,58.0,plant,0.22782296737271024,0.7286781743767721,0.9112935124557384,0.6785806727870108,0.9408333333333334,0.9408333333333334
2026-01-14,2026-01-14 04:00:00,2026-01-16 21:00:00,2,59.0,plant,0.20820696563283794,0.7522224915392903,0.9087742830150721,0.675163545467202,0.9083333333333333,0.9083333333333333
2026-01-14,2026-01-14 04:00:00,2026-01-16 22:00:00,2,60.0,plant,0.20311387683774038,0.7666858925236021,0.9089227294413061,0.6914476164971926,0.8999999999999999,0.8999999999999999
2026-01-14,2026-01-14 04:00:00,2026-01-16 23:00:00,2,61.0,plant,0.20961460676398438,0.7932317610526883,0.9113357141337123,0.7316404687592319,0.8166666666666667,0.8166666666666667
2026-01-15,2026-01-15 04:00:00,2026-01-16 00:00:00,1,14.0,plant,0.014354379025629707,0.1135333697634914,0.2738056490588059,0.13975374630595183,0.10350000000000001,0.09666666666666668
2026-01-15,2026-01-15 04:00:00,2026-01-16 01:00:00,1,15.0,plant,0.010997685468772458,0.08099152787313296,0.4306370885319517,0.15585957473043813,0.13916666666666666,0.13916666666666666
2026-01-15,2026-01-15 04:00:00,2026-01-16 02:00:00,1,16.0,plant,0.008088451087553898,0.04987884823949255,0.35796798782495126,0.12502674352844342,0.07833333333333334,0.07833333333333334
2026-01-15,2026-01-15 04:00:00,2026-01-16 03:00:00,1,17.0,plant,0.007855001815890834,0.032063841081342075,0.32995895399708663,0.11286441209374891,0.049166666666666664,0.049166666666666664
2026-01-15,2026-01-15 04:00:00,2026-01-16 04:00:00,1,18.0,plant,0.0054101130662010275,0.06331632185999404,0.33669815874156994,0.126815107439507,0.03833333333333333,0.03833333333333333
2026-01-15,2026-01-15 04:00:00,2026-01-16 05:00:00,1,19.0,plant,0.0067270237726132194,0.07785976018131985,0.3115368867566895,0.13122811378511426,0.013333333333333334,0.013333333333333334
2026-01-15,2026-01-15 04:00:00,2026-01-16 06:00:00,1,20.0,plant,0.01387862044688603,0.10149112535796159,0.37759483310942854,0.17746680758264427,0.03666666666666667,0.03666666666666667
2026-01-15,2026-01-15 04:00:00,2026-01-16 07:00:00,1,21.0,plant,0.02194648556405511,0.14236191452912125,0.4661442030622442,0.1958497064961042,0.025,0.023333333333333334
2026-01-15,2026-01-15 04:00:00,2026-01-16 08:00:00,1,22.0,plant,0.035090716400481954,0.2202230691848562,0.5830683806075742,0.25214418406040223,0.02625,0.024166666666666666
2026-01-15,2026-01-15 04:00:00,2026-01-16 09:00:00,1,23.0,plant,0.04875447279048145,0.2007683318993159,0.5793323924713787,0.21915016404159793,0.05333333333333334,0.04916666666666667
2026-01-15,2026-01-15 04:00:00,2026-01-16 10:00:00,1,24.0,plant,0.030264117979601754,0.1610393626568117,0.5765515359869686,0.20445996449818346,0.021666666666666667,0.021666666666666667
2026-01-15,2026-01-15 04:00:00,2026-01-16 11:00:00,1,25.0,plant,0.03716118427782816,0.2010027864682927,0.5353027906524436,0.21590789268026597,0.03666666666666667,0.03666666666666667
2026-01-15,2026-01-15 04:00:00,2026-01-16 12:00:00,1,26.0,plant,0.026927729748344464,0.1680063700448356,0.5713411716344805,0.2015446900607445,0.03833333333333333,0.03833333333333333
2026-01-15,2026-01-15 04:00:00,2026-01-16 13:00:00,1,27.0,plant,0.03585033598230714,0.1911553178375123,0.5719599532821238,0.22315197131217515,0.0975,0.0975
2026-01-15,2026-01-15 04:00:00,2026-01-16 14:00:00,1,28.0,plant,0.0685013603221439,0.26740264597978863,0.6472475224312799,0.34001713501881003,0.22249999999999998,0.22249999999999998
2026-01-15,2026-01-15 04:00:00,2026-01-16 15:00:00,1,29.0,plant,0.11168093887886896,0.4425091438272233,0.7267298147576855,0.4686741470653213,0.40583333333333327,0.40583333333333327
2026-01-15,2026-01-15 04:00:00,2026-01-16 16:00:00,1,30.0,plant,0.11532487127539914,0.4758785264130739,0.7766058522084482,0.47328578768166035,0.41500000000000004,0.41500000000000004
2026-01-15,2026-01-15 04:00:00,2026-01-16 17:00:00,1,31.0,plant,0.1756057142328347,0.6232914733755054,0.8297982128772838,0.5614988889376831,0.44833333333333336,0.44833333333333336
2026-01-15,2026-01-15 04:00:00,2026-01-16 18:00:00,1,32.0,plant,0.19521083758183408,0.6821076242528302,0.8530089517553974,0.6032442449640423,0.6383333333333334,0.6383333333333334
2026-01-15,2026-01-15 04:00:00,2026-01-16 19:00:00,1,33.0,plant,0.21544333557740603,0.7386265455779322,0.8834958836513455,0.6174610468218363,0.7791666666666666,0.7791666666666666
2026-01-15,2026-01-15 04:00:00,2026-01-16 20:00:00,1,34.0,plant,0.24650211559981305,0.7856854656250295,0.9090039257992875,0.6955091877419081,0.9408333333333334,0.9408333333333334
2026-01-15,2026-01-15 04:00:00,2026-01-16 21:00:00,1,35.0,plant,0.2960089638777187,0.845857552989388,0.947947751394325,0.716812701199082,0.9083333333333333,0.9083333333333333
2026-01-15,2026-01-15 04:00:00,2026-01-16 22:00:00,1,36.0,plant,0.4269796564348889,0.8535681758702658,0.9631065391217541,0.7512531642128033,0.8999999999999999,0.8999999999999999
2026-01-15,2026-01-15 04:00:00,2026-01-16 23:00:00,1,37.0,plant,0.6747665116756045,0.9036489844647678,0.9795950180798851,0.8656844543344325,0.8166666666666667,0.8166666666666667
2026-01-15,2026-01-15 04:00:00,2026-01-17 00:00:00,2,38.0,plant,0.7495898680047726,0.93937827503542,0.9912715544165647,0.9075139671039046,0.9441666666666666,0.9441666666666666
2026-01-15,2026-01-15 04:00:00,2026-01-17 01:00:00,2,39.0,plant,0.8139683290083446,0.9608195890347331,0.99375519468468,0.9218189016943804,0.9641666666666666,0.9641666666666666
2026-01-15,2026-01-15 04:00:00,2026-01-17 02:00:00,2,40.0,plant,0.8216904172550684,0.9784931708860554,0.9904276024028364,0.9393571684457995,0.8958333333333333,0.8958333333333333
2026-01-15,2026-01-15 04:00:00,2026-01-17 03:00:00,2,41.0,plant,0.8531602758950118,0.9878614026425611,0.9940875461068885,0.9574925665125941,0.81,0.81
2026-01-15,2026-01-15 04:00:00,2026-01-17 04:00:00,2,42.0,plant,0.8964934496630973,0.986406206772131,0.9920056776295952,0.9594665200543715,0.7783333333333333,0.7783333333333333
2026-01-15,2026-01-15 04:00:00,2026-01-17 05:00:00,2,43.0,plant,0.8968794948861297,0.985638005604108,0.9964390555269992,0.9506365744316232,0.9191666666666667,0.9191666666666667
2026-01-15,2026-01-15 04:00:00,2026-01-17 06:00:00,2,44.0,plant,0.8693401581952912,0.9865808761554665,0.9967968481580318,0.9421184097544211,0.7491666666666668,0.7491666666666668
2026-01-15,2026-01-15 04:00:00,2026-01-17 07:00:00,2,45.0,plant,0.9047191818780955,0.9858083340575826,0.9962291946460087,0.9478247999768261,0.5775,0.5775
2026-01-15,2026-01-15 04:00:00,2026-01-17 08:00:00,2,46.0,plant,0.8565478712999092,0.9865889210538266,0.994116624840846,0.9272050377550729,0.3983333333333334,0.3983333333333334
2026-01-15,2026-01-15 04:00:00,2026-01-17 09:00:00,2,47.0,plant,0.6741371869497281,0.9619469300390936,0.9888505865943185,0.8915759308236361,0.3908333333333333,0.3908333333333333
2026-01-15,2026-01-15 04:00:00,2026-01-17 10:00:00,2,48.0,plant,0.4613253962525519,0.8906130889722234,0.9813800583438033,0.8262104785828388,0.25416666666666665,0.25416666666666665
2026-01-15,2026-01-15 04:00:00,2026-01-17 11:00:00,2,49.0,plant,0.3084170901221864,0.8437349725570029,0.955437736935465,0.7484588791149931,0.125,0.125
2026-01-15,2026-01-15 04:00:00,2026-01-17 12:00:00,2,50.0,plant,0.1877185338381518,0.7451361149493142,0.9123465238308407,0.6787516223637579,0.035,0.035
2026-01-15,2026-01-15 04:00:00,2026-01-17 13:00:00,2,51.0,plant,0.0729815383988751,0.46313034343210013,0.7457540367847003,0.40617306382760365,0.058333333333333334,0.058333333333333334
2026-01-15,2026-01-15 04:00:00,2026-01-17 14:00:00,2,52.0,plant,0.035389116864311634,0.3390073321966146,0.6505889979071148,0.32719912700802417,0.0875,0.0875
2026-01-15,2026-01-15 04:00:00,2026-01-17 15:00:00,2,53.0,plant,0.013608896145368886,0.2741862816172748,0.6337596139256187,0.3000165249186577,0.05333333333333334,0.05333333333333334
2026-01-15,2026-01-15 04:00:00,2026-01-17 16:00:00,2,54.0,plant,0.011014546567051874,0.1928263447526063,0.511446519740589,0.24564797694326815,0.03666666666666667,0.03666666666666667
2026-01-15,2026-01-15 04:00:00,2026-01-17 17:00:00,2,55.0,plant,0.006867893673210349,0.1782842475883762,0.4294165897588879,0.21110255973368078,0.01,0.01
2026-01-15,2026-01-15 04:00:00,2026-01-17 18:00:00,2,56.0,plant,0.00488139414185391,0.11826653322997262,0.28910893704034096,0.18619934327091459,0.011666666666666667,0.011666666666666667
2026-01-15,2026-01-15 04:00:00,2026-01-17 19:00:00,2,57.0,plant,0.004716008506645059,0.08483686523044733,0.22317134263462912,0.1633738445042397,0.029166666666666667,0.029166666666666667
2026-01-15,2026-01-15 04:00:00,2026-01-17 20:00:00,2,58.0,plant,0.004662535694499192,0.07032625066633627,0.24286239934959883,0.13358594820436895,0.012833333333333335,0.0125
2026-01-15,2026-01-15 04:00:00,2026-01-17 21:00:00,2,59.0,plant,0.004436748846300901,0.052548418273387944,0.23607892530476735,0.12061065745453942,,0.01
2026-01-15,2026-01-15 04:00:00,2026-01-17 22:00:00,2,60.0,plant,0.004395090581890338,0.04695826166397341,0.20155578716085698,0.14231187718114083,0.01,0.01
2026-01-15,2026-01-15 04:00:00,2026-01-17 23:00:00,2,61.0,plant,0.004280657498923558,0.02701745747768131,0.1319540039612958,0.12730674663140257,0.01,0.01
2026-01-16,2026-01-16 04:00:00,2026-01-17 00:00:00,1,14.0,plant,0.8479933648325456,0.9781973358329287,0.9912893305921335,0.9440036495578911,0.9441666666666666,0.9441666666666666
2026-01-16,2026-01-16 04:00:00,2026-01-17 01:00:00,1,15.0,plant,0.8944738339845807,0.9849637437000627,0.9936820363496218,0.9625087180662075,0.9641666666666666,0.9641666666666666
2026-01-16,2026-01-16 04:00:00,2026-01-17 02:00:00,1,16.0,plant,0.8906930935998398,0.9873185210245171,0.9914075207511536,0.9552113859466429,0.8958333333333333,0.8958333333333333
2026-01-16,2026-01-16 04:00:00,2026-01-17 03:00:00,1,17.0,plant,0.8594392374361015,0.98625017675109,0.9916789124675056,0.963369744616654,0.81,0.81
2026-01-16,2026-01-16 04:00:00,2026-01-17 04:00:00,1,18.0,plant,0.8573898929581525,0.9858569865827754,0.9927868819753618,0.9602111166122396,0.7783333333333333,0.7783333333333333
2026-01-16,2026-01-16 04:00:00,2026-01-17 05:00:00,1,19.0,plant,0.8686936963196122,0.9846370990299383,0.9916762249565034,0.9532492012726765,0.9191666666666667,0.9191666666666667
2026-01-16,2026-01-16 04:00:00,2026-01-17 06:00:00,1,20.0,plant,0.8743051179109234,0.9859052078853019,0.9952084061096423,0.9356831759568857,0.7491666666666668,0.7491666666666668
2026-01-16,2026-01-16 04:00:00,2026-01-17 07:00:00,1,21.0,plant,0.8901027416517426,0.9868537200975928,0.9924376467168327,0.9447775338961929,0.5775,0.5775
2026-01-16,2026-01-16 04:00:00,2026-01-17 08:00:00,1,22.0,plant,0.9036422238573469,0.9867212289170353,0.9953163592326087,0.9441917460824149,0.3983333333333334,0.3983333333333334
2026-01-16,2026-01-16 04:00:00,2026-01-17 09:00:00,1,23.0,plant,0.7952568104599274,0.9857331188235766,0.9900928073171472,0.9362269748852581,0.3908333333333333,0.3908333333333333
2026-01-16,2026-01-16 04:00:00,2026-01-17 10:00:00,1,24.0,plant,0.6523033667645045,0.9559191766476547,0.9867083508964817,0.8810648019115094,0.25416666666666665,0.25416666666666665
2026-01-16,2026-01-16 04:00:00,2026-01-17 11:00:00,1,25.0,plant,0.4608142391994322,0.9004095068676984,0.9762057114999658,0.8072404001262193,0.125,0.125
2026-01-16,2026-01-16 04:00:00,2026-01-17 12:00:00,1,26.0,plant,0.2982982323343566,0.7959843270879652,0.9611045389144587,0.7169747169427929,0.035,0.035
2026-01-16,2026-01-16 04:00:00,2026-01-17 13:00:00,1,27.0,plant,0.12400321156229265,0.614309683451288,0.8530124302871965,0.5557793636092444,0.058333333333333334,0.058333333333333334
2026-01-16,2026-01-16 04:00:00,2026-01-17 14:00:00,1,28.0,plant,0.033147390468192074,0.31233948243915094,0.7016134722420352,0.3612763474220773,0.0875,0.0875
2026-01-16,2026-01-16 04:00:00,2026-01-17 15:00:00,1,29.0,plant,0.013645069642650241,0.24635404419874762,0.5642664816363976,0.26990236835867193,0.05333333333333334,0.05333333333333334
2026-01-16,2026-01-16 04:00:00,2026-01-17 16:00:00,1,30.0,plant,0.010174010111049847,0.21289548657080537,0.39924891827313064,0.23377294259600215,0.03666666666666667,0.03666666666666667
2026-01-16,2026-01-16 04:00:00,2026-01-17 17:00:00,1,31.0,plant,0.00781911814340347,0.14762421855905605,0.2897323319487222,0.18714292104160682,0.01,0.01
2026-01-16,2026-01-16 04:00:00,2026-01-17 18:00:00,1,32.0,plant,0.005845985704653508,0.09096094924894577,0.13211836145635616,0.14693245878411462,0.011666666666666667,0.011666666666666667
2026-01-16,2026-01-16 04:00:00,2026-01-17 19:00:00,1,33.0,plant,0.005921995305739307,0.08093254313326645,0.12503022984107384,0.140840869923406,0.029166666666666667,0.029166666666666667
2026-01-16,2026-01-16 04:00:00,2026-01-17 20:00:00,1,34.0,plant,0.006215039713161451,0.09324823142609957,0.15545274935885386,0.13081143685396124,0.012833333333333335,0.0125
2026-01-16,2026-01-16 04:00:00,2026-01-17 21:00:00,1,35.0,plant,0.006304605180562421,0.08751061787517946,0.18210997255675296,0.11994120089294755,,0.01
2026-01-16,2026-01-16 04:00:00,2026-01-17 22:00:00,1,36.0,plant,0.006112784488634397,0.05660125503294723,0.12341275710517906,0.09374899522020481,0.01,0.01
2026-01-16,2026-01-16 04:00:00,2026-01-17 23:00:00,1,37.0,plant,0.006122397590744092,0.040003949084825866,0.13473660612124888,0.12481268435909301,0.01,0.01
2026-01-16,2026-01-16 04:00:00,2026-01-18 00:00:00,2,38.0,plant,0.004157452564186536,0.037775395982695484,0.11015447796395843,0.0733423312439822,0.01,0.01
2026-01-16,2026-01-16 04:00:00,2026-01-18 01:00:00,2,39.0,plant,0.003985413075726811,0.03188822269848346,0.039153415268693065,0.07591320661512742,0.01,0.01
2026-01-16,2026-01-16 04:00:00,2026-01-18 02:00:00,2,40.0,plant,0.004313889454401316,0.015840882820187807,0.027509540193604493,0.05675419744729822,0.01,0.01
2026-01-16,2026-01-16 04:00:00,2026-01-18 03:00:00,2,41.0,plant,0.004185420842940295,0.013502403607572063,0.024069035852452878,0.07780013228586057,0.01,0.01
2026-01-16,2026-01-16 04:00:00,2026-01-18 04:00:00,2,42.0,plant,0.003939752518020816,0.02714731280584781,0.03327080432888098,0.07434946299477983,0.01,0.01
2026-01-16,2026-01-16 04:00:00,2026-01-18 05:00:00,2,43.0,plant,0.003959024720192813,0.02575730673765471,0.03747460110855583,0.0640861309841584,0.01,0.01
2026-01-16,2026-01-16 04:00:00,2026-01-18 06:00:00,2,44.0,plant,0.004012455215923816,0.0423833867500485,0.11996262699679355,0.08069831649087122,0.011666666666666667,0.011666666666666667
2026-01-16,2026-01-16 04:00:00,2026-01-18 07:00:00,2,45.0,plant,0.004241799990613773,0.03919259443866166,0.08404263868565982,0.06047347243228104,,0.013333333333333332
2026-01-16,2026-01-16 04:00:00,2026-01-18 08:00:00,2,46.0,plant,0.004079939876440781,0.03153962063403191,0.04329981131828,0.06284396700684357,,0.011666666666666667
2026-01-16,2026-01-16 04:00:00,2026-01-18 09:00:00,2,47.0,plant,0.004715753215182513,0.03273792858644175,0.06235232116197065,0.07341512429288279,0.09083333333333335,0.09083333333333335
2026-01-16,2026-01-16 04:00:00,2026-01-18 10:00:00,2,48.0,plant,0.0037575678442746214,0.0446679824136975,0.1154526907407052,0.10523664102112491,0.049166666666666664,0.049166666666666664
2026-01-16,2026-01-16 04:00:00,2026-01-18 11:00:00,2,49.0,plant,0.003756222081216498,0.08261976447410006,0.16929154725952872,0.12171606331159877,0.14833333333333334,0.14833333333333334
2026-01-16,2026-01-16 04:00:00,2026-01-18 12:00:00,2,50.0,plant,0.004361669218077004,0.0887760264428839,0.24708219287967603,0.13517330460391244,0.2358333333333333,0.2358333333333333
2026-01-16,2026-01-16 04:00:00,2026-01-18 13:00:00,2,51.0,plant,0.007931919978678599,0.0989989876724827,0.2804008359744561,0.19107409793216806,0.3708333333333333,0.3708333333333333
2026-01-16,2026-01-16 04:00:00,2026-01-18 14:00:00,2,52.0,plant,0.00894711233512057,0.1260657216394561,0.43176109105876875,0.20219316434920165,0.4066666666666666,0.4066666666666666
2026-01-16,2026-01-16 04:00:00,2026-01-18 15:00:00,2,53.0,plant,0.008582810685649353,0.1244938812422743,0.4452473408401082,0.2097364410538305,0.24416666666666664,0.24416666666666664
2026-01-16,2026-01-16 04:00:00,2026-01-18 16:00:00,2,54.0,plant,0.008233516800696079,0.14728264615165398,0.4352782829117997,0.17539522263421367,0.18166666666666664,0.18166666666666664
2026-01-16,2026-01-16 04:00:00,2026-01-18 17:00:00,2,55.0,plant,0.012540922559147981,0.2191340936251849,0.6356374735245787,0.3380919347955466,0.12416666666666666,0.12416666666666666
2026-01-16,2026-01-16 04:00:00,2026-01-18 18:00:00,2,56.0,plant,0.017268390942708312,0.2033266514380124,0.6543001608610963,0.3079815537158844,0.18916666666666665,0.18916666666666665
2026-01-16,2026-01-16 04:00:00,2026-01-18 19:00:00,2,57.0,plant,0.019970927959502432,0.22382546035284162,0.5698956561779052,0.2814938867339518,0.1925,0.1925
2026-01-16,2026-01-16 04:00:00,2026-01-18 20:00:00,2,58.0,plant,0.022804478428124306,0.22695299730965773,0.6207384894079786,0.30200193224683697,0.26666666666666666,0.26666666666666666
2026-01-16,2026-01-16 04:00:00,2026-01-18 21:00:00,2,59.0,plant,0.047785012678138984,0.38339944871803344,0.7188276870473411,0.4331609889029522,0.28,0.28
2026-01-16,2026-01-16 04:00:00,2026-01-18 22:00:00,2,60.0,plant,0.076496139039155,0.44843926219559294,0.7765535456865171,0.5108518988672802,0.3041666666666667,0.3041666666666667
2026-01-16,2026-01-16 04:00:00,2026-01-18 23:00:00,2,61.0,plant,0.11954487249183131,0.5808530602287191,0.8713278196418671,0.538711275069808,0.22916666666666666,0.22916666666666666
2026-01-17,2026-01-17 04:00:00,2026-01-18 00:00:00,1,14.0,plant,0.006156402878970703,0.014560154104197478,0.025460107388012427,0.04351890837500174,0.01,0.01
2026-01-17,2026-01-17 04:00:00,2026-01-18 01:00:00,1,15.0,plant,0.005472549528098424,0.031852562025502996,0.03817520723399513,0.0469526120498508,0.01,0.01
2026-01-17,2026-01-17 04:00:00,2026-01-18 02:00:00,1,16.0,plant,0.0,0.009486336795753263,0.027447037709880388,0.04033941146317973,0.01,0.01
2026-01-17,2026-01-17 04:00:00,2026-01-18 03:00:00,1,17.0,plant,0.0,0.009585677621988168,0.024664173922116873,0.058457404242173605,0.01,0.01
2026-01-17,2026-01-17 04:00:00,2026-01-18 04:00:00,1,18.0,plant,0.00554214656865466,0.012839237475629156,0.0271672096414321,0.0568244676576764,0.01,0.01
2026-01-17,2026-01-17 04:00:00,2026-01-18 05:00:00,1,19.0,plant,0.006372445277508669,0.014749310434899196,0.021447466123676148,0.050513297172525035,0.01,0.01
2026-01-17,2026-01-17 04:00:00,2026-01-18 06:00:00,1,20.0,plant,0.005491165787019021,0.023839035454410993,0.04246129959129636,0.03733423243793379,0.011666666666666667,0.011666666666666667
2026-01-17,2026-01-17 04:00:00,2026-01-18 07:00:00,1,21.0,plant,0.0,0.00928587890675108,0.034768306385005415,0.045182477016728055,,0.013333333333333332
2026-01-17,2026-01-17 04:00:00,2026-01-18 08:00:00,1,22.0,plant,0.0,0.008949841907968353,0.029774189480525827,0.0500297625840379,,0.011666666666666667
2026-01-17,2026-01-17 04:00:00,2026-01-18 09:00:00,1,23.0,plant,0.0,0.009766566709373719,0.022900238615304016,0.07852615972004791,0.09083333333333335,0.09083333333333335
2026-01-17,2026-01-17 04:00:00,2026-01-18 10:00:00,1,24.0,plant,0.006494914888593095,0.0672514264232406,0.21482110662511422,0.12663779680119377,0.049166666666666664,0.049166666666666664
2026-01-17,2026-01-17 04:00:00,2026-01-18 11:00:00,1,25.0,plant,0.013614232446865927,0.16170582683483556,0.4170649905406461,0.18882304301817357,0.14833333333333334,0.14833333333333334
2026-01-17,2026-01-17 04:00:00,2026-01-18 12:00:00,1,26.0,plant,0.029940858587335042,0.20856395088026558,0.5971276818866253,0.26753360967851497,0.2358333333333333,0.2358333333333333
2026-01-17,2026-01-17 04:00:00,2026-01-18 13:00:00,1,27.0,plant,0.0331539885241083,0.21725245877257574,0.5799116025438532,0.2675008350243632,0.3708333333333333,0.3708333333333333
2026-01-17,2026-01-17 04:00:00,2026-01-18 14:00:00,1,28.0,plant,0.02795645002693134,0.2265360375986861,0.547092512275236,0.24472978710448587,0.4066666666666666,0.4066666666666666
2026-01-17,2026-01-17 04:00:00,2026-01-18 15:00:00,1,29.0,plant,0.02833506105526111,0.2222716284377228,0.5122259907389718,0.24912903629393696,0.24416666666666664,0.24416666666666664
2026-01-17,2026-01-17 04:00:00,2026-01-18 16:00:00,1,30.0,plant,0.02878021587814271,0.1917891580103987,0.5437694874829679,0.23457449696736504,0.18166666666666664,0.18166666666666664
2026-01-17,2026-01-17 04:00:00,2026-01-18 17:00:00,1,31.0,plant,0.02726696816614838,0.1940366179938851,0.5800790576622845,0.26936173137933256,0.12416666666666666,0.12416666666666666
2026-01-17,2026-01-17 04:00:00,2026-01-18 18:00:00,1,32.0,plant,0.016886069746224877,0.22074317122671716,0.594685129764488,0.28849156052501257,0.18916666666666665,0.18916666666666665
2026-01-17,2026-01-17 04:00:00,2026-01-18 19:00:00,1,33.0,plant,0.021062309133206735,0.2058361706411599,0.4836726451077302,0.2885078550237973,0.1925,0.1925
2026-01-17,2026-01-17 04:00:00,2026-01-18 20:00:00,1,34.0,plant,0.017665371862643404,0.22012324158534397,0.495815901547857,0.2954601187925937,0.26666666666666666,0.26666666666666666
2026-01-17,2026-01-17 04:00:00,2026-01-18 21:00:00,1,35.0,plant,0.015950829975806463,0.21156640248604391,0.47673996765710575,0.26195471808193027,0.28,0.28
2026-01-17,2026-01-17 04:00:00,2026-01-18 22:00:00,1,36.0,plant,0.0387858031513548,0.2781775637126559,0.5885164559363985,0.3315370973057083,0.3041666666666667,0.3041666666666667
2026-01-17,2026-01-17 04:00:00,2026-01-18 23:00:00,1,37.0,plant,0.05535028617420652,0.380684590123944,0.6817314291347577,0.3857278698000198,0.22916666666666666,0.22916666666666666
2026-01-17,2026-01-17 04:00:00,2026-01-19 00:00:00,2,38.0,plant,0.10464355339075296,0.5408529638329913,0.8167124585183815,0.546965148317791,0.3533333333333334,0.3533333333333334
2026-01-17,2026-01-17 04:00:00,2026-01-19 01:00:00,2,39.0,plant,0.1723200476347598,0.6996903924546243,0.9124384810529961,0.6694059740495257,0.56,0.56
2026-01-17,2026-01-17 04:00:00,2026-01-19 02:00:00,2,40.0,plant,0.20928155160541168,0.755199313128796,0.9317389777099042,0.7640860457067522,0.5191666666666667,0.5191666666666667
2026-01-17,2026-01-17 04:00:00,2026-01-19 03:00:00,2,41.0,plant,0.26867807168628366,0.8315252262761257,0.9752296411973003,0.7987636535911572,0.3808333333333333,0.3808333333333333
2026-01-17,2026-01-17 04:00:00,2026-01-19 04:00:00,2,42.0,plant,0.30094738500828216,0.8813773757829131,0.994231730639821,0.8296442876177879,0.3416666666666667,0.3416666666666667
2026-01-17,2026-01-17 04:00:00,2026-01-19 05:00:00,2,43.0,plant,0.33088116491908687,0.8939592969739812,0.9944290419832571,0.8049457371891604,0.48666666666666664,0.48666666666666664
2026-01-17,2026-01-17 04:00:00,2026-01-19 06:00:00,2,44.0,plant,0.3581818317071428,0.9013091743070106,0.9843582197345063,0.806369710698054,0.3425,0.3425
2026-01-17,2026-01-17 04:00:00,2026-01-19 07:00:00,2,45.0,plant,0.36065543680401935,0.9110039169936613,0.9773943942905895,0.8046462619775999,0.13583333333333333,0.13583333333333333
2026-01-17,2026-01-17 04:00:00,2026-01-19 08:00:00,2,46.0,plant,0.39073060499364104,0.9085449602270584,0.9723799510399499,0.8145925250556618,0.24,0.24
2026-01-17,2026-01-17 04:00:00,2026-01-19 09:00:00,2,47.0,plant,0.3775978211085419,0.9135113841941085,0.976051492212659,0.8016302915042658,0.31333333333333335,0.31333333333333335
2026-01-17,2026-01-17 04:00:00,2026-01-19 10:00:00,2,48.0,plant,0.391349699180397,0.8526314240856813,0.9794444704176912,0.767067631132605,0.2791666666666667,0.2791666666666667
2026-01-17,2026-01-17 04:00:00,2026-01-19 11:00:00,2,49.0,plant,0.3925228584395344,0.8587416590402929,0.990887557261369,0.7642360580432284,0.2941666666666667,0.2941666666666667
2026-01-17,2026-01-17 04:00:00,2026-01-19 12:00:00,2,50.0,plant,0.40045966398449157,0.8410366861876383,0.9680301644317055,0.7691108904542179,0.3516666666666666,0.3516666666666666
2026-01-17,2026-01-17 04:00:00,2026-01-19 13:00:00,2,51.0,plant,0.45422578408427716,0.7818678424876017,0.9749289478077329,0.7273649944860753,0.3241666666666667,0.3241666666666667
2026-01-17,2026-01-17 04:00:00,2026-01-19 14:00:00,2,52.0,plant,0.4581336518188151,0.8054266423352968,0.9678366680119399,0.7366173333920081,0.30916666666666665,0.30916666666666665
2026-01-17,2026-01-17 04:00:00,2026-01-19 15:00:00,2,53.0,plant,0.3932495434003575,0.7806378379755105,0.962921371895976,0.7106692312010787,0.2841666666666667,0.2841666666666667
2026-01-17,2026-01-17 04:00:00,2026-01-19 16:00:00,2,54.0,plant,0.3177571466088575,0.7765770994660586,1.0,0.7082168993374608,0.21583333333333332,0.21583333333333332
2026-01-17,2026-01-17 04:00:00,2026-01-19 17:00:00,2,55.0,plant,0.21242968871939072,0.6886026905154725,0.960159700970108,0.6587299552394835,0.2675,0.2675
2026-01-17,2026-01-17 04:00:00,2026-01-19 18:00:00,2,56.0,plant,0.09108705998231768,0.4420357498708395,0.7443666055842946,0.40134034278654324,0.45166666666666666,0.45166666666666666
2026-01-17,2026-01-17 04:00:00,2026-01-19 19:00:00,2,57.0,plant,0.04267994406613779,0.3166907921614472,0.4961517163566061,0.25298711561515,0.3283333333333333,0.3283333333333333
2026-01-17,2026-01-17 04:00:00,2026-01-19 20:00:00,2,58.0,plant,0.019147630549624817,0.22596601146149445,0.4642491491966871,0.22624328171853234,0.2875,0.2875
2026-01-17,2026-01-17 04:00:00,2026-01-19 21:00:00,2,59.0,plant,0.01970203217079491,0.20318541742684343,0.44114230045250724,0.2149187370421634,0.025833333333333333,0.025833333333333333
2026-01-17,2026-01-17 04:00:00,2026-01-19 22:00:00,2,60.0,plant,0.014222023406012155,0.23730163230395318,0.3935717885128066,0.2196017163755023,0.065,0.065
2026-01-17,2026-01-17 04:00:00,2026-01-19 23:00:00,2,61.0,plant,0.0031637541608396874,0.16614749348479727,0.3926911305916458,0.1696623384565438,0.0175,0.0175
2026-01-18,2026-01-18 04:00:00,2026-01-19 00:00:00,1,14.0,plant,0.09600051104218123,0.5720252258577926,0.8330809518748955,0.514846060477273,0.3533333333333334,0.3533333333333334
2026-01-18,2026-01-18 04:00:00,2026-01-19 01:00:00,1,15.0,plant,0.1839251370485377,0.6961640390799527,0.8989909637923933,0.6818686391773954,0.56,0.56
2026-01-18,2026-01-18 04:00:00,2026-01-19 02:00:00,1,16.0,plant,0.27229735630559604,0.7984613778807305,0.9670963932004351,0.7945395204291618,0.5191666666666667,0.5191666666666667
2026-01-18,2026-01-18 04:00:00,2026-01-19 03:00:00,1,17.0,plant,0.3463645312688489,0.9073314176226265,0.9644825838207823,0.8336956857798691,0.3808333333333333,0.3808333333333333
2026-01-18,2026-01-18 04:00:00,2026-01-19 04:00:00,1,18.0,plant,0.3938778632857015,0.9167773231074946,0.9786307468505218,0.8274426579636217,0.3416666666666667,0.3416666666666667
2026-01-18,2026-01-18 04:00:00,2026-01-19 05:00:00,1,19.0,plant,0.40389154550320405,0.9136588734138367,0.9732100146667649,0.8083809532090467,0.48666666666666664,0.48666666666666664
2026-01-18,2026-01-18 04:00:00,2026-01-19 06:00:00,1,20.0,plant,0.40426307817443863,0.8853256336280451,0.9728703011503604,0.7855763454131289,0.3425,0.3425
2026-01-18,2026-01-18 04:00:00,2026-01-19 07:00:00,1,21.0,plant,0.40663394168340306,0.8843836990142576,0.9583803527989936,0.781436837334536,0.13583333333333333,0.13583333333333333
2026-01-18,2026-01-18 04:00:00,2026-01-19 08:00:00,1,22.0,plant,0.4009536238083008,0.8792316933389329,0.9672953960938095,0.7843577587196332,0.24,0.24
2026-01-18,2026-01-18 04:00:00,2026-01-19 09:00:00,1,23.0,plant,0.4020431045266444,0.909406867751631,0.9758446271019149,0.7797332051390883,0.31333333333333335,0.31333333333333335
2026-01-18,2026-01-18 04:00:00,2026-01-19 10:00:00,1,24.0,plant,0.44731883280129064,0.8883845228971291,0.9710665736318603,0.7922875478316119,0.2791666666666667,0.2791666666666667
2026-01-18,2026-01-18 04:00:00,2026-01-19 11:00:00,1,25.0,plant,0.41787828619314127,0.8463971145599819,0.9728784351652301,0.7706605407971169,0.2941666666666667,0.2941666666666667
2026-01-18,2026-01-18 04:00:00,2026-01-19 12:00:00,1,26.0,plant,0.47245839761827874,0.8168187741503988,0.9674376519391836,0.7578728854624034,0.3516666666666666,0.3516666666666666
2026-01-18,2026-01-18 04:00:00,2026-01-19 13:00:00,1,27.0,plant,0.474173568887821,0.8055192620718211,0.9741316054296978,0.7438229568313653,0.3241666666666667,0.3241666666666667
2026-01-18,2026-01-18 04:00:00,2026-01-19 14:00:00,1,28.0,plant,0.38031102965293734,0.7826061443783193,0.95173724246299,0.7428287018192089,0.30916666666666665,0.30916666666666665
2026-01-18,2026-01-18 04:00:00,2026-01-19 15:00:00,1,29.0,plant,0.3652891329623013,0.7272742983774945,0.9370779931263012,0.7021869161168042,0.2841666666666667,0.2841666666666667
2026-01-18,2026-01-18 04:00:00,2026-01-19 16:00:00,1,30.0,plant,0.2929542192033032,0.7126046792038313,0.9793888981775976,0.681573107474641,0.21583333333333332,0.21583333333333332
2026-01-18,2026-01-18 04:00:00,2026-01-19 17:00:00,1,31.0,plant,0.19739485695938697,0.6328707527088532,0.9321556543629589,0.6089806679829313,0.2675,0.2675
2026-01-18,2026-01-18 04:00:00,2026-01-19 18:00:00,1,32.0,plant,0.08466966977628092,0.3736249320442109,0.7133522541583093,0.3909092211698189,0.45166666666666666,0.45166666666666666
2026-01-18,2026-01-18 04:00:00,2026-01-19 19:00:00,1,33.0,plant,0.037500276282126564,0.16503776033413872,0.455215675483315,0.19097519091721754,0.3283333333333333,0.3283333333333333
2026-01-18,2026-01-18 04:00:00,2026-01-19 20:00:00,1,34.0,plant,0.02084620833745899,0.13236614395887808,0.29163964786324964,0.14014903704977513,0.2875,0.2875
2026-01-18,2026-01-18 04:00:00,2026-01-19 21:00:00,1,35.0,plant,0.009471266489955273,0.12954603364717357,0.28446311004749003,0.14800642484117157,0.025833333333333333,0.025833333333333333
2026-01-18,2026-01-18 04:00:00,2026-01-19 22:00:00,1,36.0,plant,0.008307751921770919,0.1338550855208487,0.3634098411169867,0.16094530762028264,0.065,0.065
2026-01-18,2026-01-18 04:00:00,2026-01-19 23:00:00,1,37.0,plant,0.007920275926181816,0.14074526964251813,0.2686562459064454,0.13237890549062975,0.0175,0.0175
2026-01-18,2026-01-18 04:00:00,2026-01-20 00:00:00,2,38.0,plant,0.006701366841464384,0.13505054107243789,0.31566111368359145,0.1352614135039113,0.01,0.01
2026-01-18,2026-01-18 04:00:00,2026-01-20 01:00:00,2,39.0,plant,0.008982005932030575,0.11780450129920295,0.33328967175959434,0.15919132784143689,0.01,0.01
2026-01-18,2026-01-18 04:00:00,2026-01-20 02:00:00,2,40.0,plant,0.007941020683105707,0.12131340024497561,0.32571812784456916,0.1596320871133762,0.009166666666666667,0.009166666666666667
2026-01-18,2026-01-18 04:00:00,2026-01-20 03:00:00,2,41.0,plant,0.008505905071430366,0.11022797590559427,0.3117920226516284,0.15838595975954622,0.01,0.01
2026-01-18,2026-01-18 04:00:00,2026-01-20 04:00:00,2,42.0,plant,0.010265577068822924,0.12316854518134004,0.277174040846269,0.15174587045054339,0.0125,0.0125
2026-01-18,2026-01-18 04:00:00,2026-01-20 05:00:00,2,43.0,plant,0.009132065176400615,0.11725463723417405,0.26723335740717913,0.13916356491994214,0.09166666666666667,0.09166666666666667
2026-01-18,2026-01-18 04:00:00,2026-01-20 06:00:00,2,44.0,plant,0.009360359624164507,0.10948814969116347,0.26577214925965115,0.13171861326921208,0.027499999999999997,0.027499999999999997
2026-01-18,2026-01-18 04:00:00,2026-01-20 07:00:00,2,45.0,plant,0.0063169135151904055,0.1089955987679746,0.2739773663255277,0.12012335831340068,0.01,0.01
2026-01-18,2026-01-18 04:00:00,2026-01-20 08:00:00,2,46.0,plant,0.006827198864190714,0.15276959951212632,0.35096082837588594,0.12214092217662889,0.009166666666666667,0.009166666666666667
2026-01-18,2026-01-18 04:00:00,2026-01-20 09:00:00,2,47.0,plant,0.004901003687201733,0.1273830536099579,0.28501015907248844,0.12521138402296883,0.009166666666666667,0.009166666666666667
2026-01-18,2026-01-18 04:00:00,2026-01-20 10:00:00,2,48.0,plant,0.0038354006619246714,0.08313595448537305,0.18425159998247922,0.08740970369960414,0.019166666666666665,0.019166666666666665
2026-01-18,2026-01-18 04:00:00,2026-01-20 11:00:00,2,49.0,plant,0.0035714966953237044,0.0622901590681419,0.20918284055349054,0.07607236180691823,0.05583333333333333,0.05583333333333333
2026-01-18,2026-01-18 04:00:00,2026-01-20 12:00:00,2,50.0,plant,0.006041434694277211,0.082391876549482,0.4245878573843084,0.1395502205178614,0.015,0.015
2026-01-18,2026-01-18 04:00:00,2026-01-20 13:00:00,2,51.0,plant,0.001580104237641375,0.06412112394337921,0.3977515351927694,0.14895024680043337,0.03166666666666666,0.03166666666666666
2026-01-18,2026-01-18 04:00:00,2026-01-20 14:00:00,2,52.0,plant,0.0029831145620989466,0.04431042142442642,0.27685337867694115,0.11127037315253262,0.08833333333333333,0.08833333333333333
2026-01-18,2026-01-18 04:00:00,2026-01-20 15:00:00,2,53.0,plant,0.004141856696999307,0.036487513767113684,0.19402965554236284,0.06706755160838705,0.0375,0.0375
2026-01-18,2026-01-18 04:00:00,2026-01-20 16:00:00,2,54.0,plant,0.004387015005838235,0.038187591090122645,0.1057297964515443,0.06979464789879279,0.015,0.015
2026-01-18,2026-01-18 04:00:00,2026-01-20 17:00:00,2,55.0,plant,0.003901698991101088,0.038740953674777895,0.20344297574236123,0.06117723064113258,0.009166666666666667,0.009166666666666667
2026-01-18,2026-01-18 04:00:00,2026-01-20 18:00:00,2,56.0,plant,0.0026094671185977547,0.026876455040579325,0.13522732594931502,0.04759565079847978,0.01,0.01
2026-01-18,2026-01-18 04:00:00,2026-01-20 19:00:00,2,57.0,plant,0.0038764893558825226,0.023094457196201453,0.09062886535709286,0.051461414182284726,0.01,0.01
2026-01-18,2026-01-18 04:00:00,2026-01-20 20:00:00,2,58.0,plant,0.003758994689215472,0.023186106792462715,0.17663808033200926,0.06310549133973255,0.01,0.01
2026-01-18,2026-01-18 04:00:00,2026-01-20 21:00:00,2,59.0,plant,0.004025643805325032,0.03173490145008025,0.1690993989233341,0.07337446625178232,0.01,0.01
2026-01-18,2026-01-18 04:00:00,2026-01-20 22:00:00,2,60.0,plant,0.003747567242623891,0.029526605974336772,0.13506366334150074,0.07462952637289498,0.03833333333333333,0.03833333333333333
2026-01-18,2026-01-18 04:00:00,2026-01-20 23:00:00,2,61.0,plant,0.004041501098451733,0.03494834721010867,0.17571773304931668,0.09072309760187339,0.1716666666666667,0.1716666666666667
2026-01-19,2026-01-19 04:00:00,2026-01-20 00:00:00,1,14.0,plant,0.004845019105873017,0.06307001187628596,0.18637730424593685,0.09426272855358181,0.01,0.01
2026-01-19,2026-01-19 04:00:00,2026-01-20 01:00:00,1,15.0,plant,0.004648100592845552,0.055307935280881765,0.16672025050127526,0.09407556857498006,0.01,0.01
2026-01-19,2026-01-19 04:00:00,2026-01-20 02:00:00,1,16.0,plant,0.004937609164732073,0.03976542222306129,0.14545118635399404,0.08598794054270453,0.009166666666666667,0.009166666666666667
2026-01-19,2026-01-19 04:00:00,2026-01-20 03:00:00,1,17.0,plant,0.002922360382702549,0.02911543411364272,0.12178153586613556,0.08551593007691473,0.01,0.01
2026-01-19,2026-01-19 04:00:00,2026-01-20 04:00:00,1,18.0,plant,0.0034811536098682217,0.0200458061276765,0.12990641063743408,0.08029925671931815,0.0125,0.0125
2026-01-19,2026-01-19 04:00:00,2026-01-20 05:00:00,1,19.0,plant,0.008016400384072715,0.05166501542918544,0.1448296929440463,0.09708751053931226,0.09166666666666667,0.09166666666666667
2026-01-19,2026-01-19 04:00:00,2026-01-20 06:00:00,1,20.0,plant,0.006771709857811197,0.07883817502563342,0.20376238203422573,0.09953637772730416,0.027499999999999997,0.027499999999999997
2026-01-19,2026-01-19 04:00:00,2026-01-20 07:00:00,1,21.0,plant,0.006873384556704985,0.08447986844744355,0.14195403530038186,0.09260487391026086,0.01,0.01
2026-01-19,2026-01-19 04:00:00,2026-01-20 08:00:00,1,22.0,plant,0.0038296477378157463,0.04044687326393413,0.12811188583410257,0.07600107872155586,0.009166666666666667,0.009166666666666667
2026-01-19,2026-01-19 04:00:00,2026-01-20 09:00:00,1,23.0,plant,0.005267889825723636,0.023444030320822085,0.09697844810900247,0.06904804802440466,0.009166666666666667,0.009166666666666667
2026-01-19,2026-01-19 04:00:00,2026-01-20 10:00:00,1,24.0,plant,0.004273004761126394,0.024371350352977796,0.16063487661375267,0.06528339550638401,0.019166666666666665,0.019166666666666665
2026-01-19,2026-01-19 04:00:00,2026-01-20 11:00:00,1,25.0,plant,0.004671439557393888,0.020046961403226215,0.10660050835121748,0.06398004036877959,0.05583333333333333,0.05583333333333333
2026-01-19,2026-01-19 04:00:00,2026-01-20 12:00:00,1,26.0,plant,0.0,0.005534724050472182,0.012706681768830837,0.03915435491039565,0.015,0.015
2026-01-19,2026-01-19 04:00:00,2026-01-20 13:00:00,1,27.0,plant,0.0,0.009348468453020536,0.026505742240807317,0.042076291326987744,0.03166666666666666,0.03166666666666666
2026-01-19,2026-01-19 04:00:00,2026-01-20 14:00:00,1,28.0,plant,0.0,0.004975376262297288,0.01256908939435409,0.03633473376097644,0.08833333333333333,0.08833333333333333
2026-01-19,2026-01-19 04:00:00,2026-01-20 15:00:00,1,29.0,plant,0.0034611306382076844,0.00910005131874594,0.050520247273075455,0.039141027169182226,0.0375,0.0375
2026-01-19,2026-01-19 04:00:00,2026-01-20 16:00:00,1,30.0,plant,0.004385878632504389,0.009566457586294862,0.14586241923317617,0.044498978564496784,0.015,0.015
2026-01-19,2026-01-19 04:00:00,2026-01-20 17:00:00,1,31.0,plant,0.0008845051845326373,0.0090274765174167,0.174233251884766,0.06601321336574921,0.009166666666666667,0.009166666666666667
2026-01-19,2026-01-19 04:00:00,2026-01-20 18:00:00,1,32.0,plant,0.005064331948212962,0.016993177103757504,0.08782365434328088,0.050484893630132754,0.01,0.01
2026-01-19,2026-01-19 04:00:00,2026-01-20 19:00:00,1,33.0,plant,0.005276508214504149,0.009704360884735513,0.16326299125649218,0.050576525180870566,0.01,0.01
2026-01-19,2026-01-19 04:00:00,2026-01-20 20:00:00,1,34.0,plant,0.005319695971153276,0.029570887698691265,0.19806366773061634,0.05322416176238089,0.01,0.01
2026-01-19,2026-01-19 04:00:00,2026-01-20 21:00:00,1,35.0,plant,0.0056252843073914165,0.04432883968835793,0.23918733618130603,0.0989940828317834,0.01,0.01
2026-01-19,2026-01-19 04:00:00,2026-01-20 22:00:00,1,36.0,plant,0.003348431542027781,0.04111736373808802,0.3412011990627593,0.1473125168199289,0.03833333333333333,0.03833333333333333
2026-01-19,2026-01-19 04:00:00,2026-01-20 23:00:00,1,37.0,plant,0.004962280873356122,0.11311205300466932,0.4158246991707486,0.2514314387497617,0.1716666666666667,0.1716666666666667
2026-01-19,2026-01-19 04:00:00,2026-01-21 00:00:00,2,38.0,plant,0.04531620506982916,0.21378745516251674,0.6014419449062882,0.3044634316237245,0.2683333333333333,0.2683333333333333
2026-01-19,2026-01-19 04:00:00,2026-01-21 01:00:00,2,39.0,plant,0.08934738717442048,0.3756274037016153,0.7709915030643328,0.4423444545031015,0.2783333333333333,0.2783333333333333
2026-01-19,2026-01-19 04:00:00,2026-01-21 02:00:00,2,40.0,plant,0.2211237011895465,0.6154781422646004,0.8803201176344374,0.640349620680548,0.41583333333333333,0.41583333333333333
2026-01-19,2026-01-19 04:00:00,2026-01-21 03:00:00,2,41.0,plant,0.3822924787306312,0.832477874533979,0.9647642622406927,0.7732496108937158,0.6625000000000001,0.6625000000000001
2026-01-19,2026-01-19 04:00:00,2026-01-21 04:00:00,2,42.0,plant,0.5181109906899735,0.8511179048607128,0.9801736242131386,0.8164770924220937,0.8183333333333334,0.8183333333333334
2026-01-19,2026-01-19 04:00:00,2026-01-21 05:00:00,2,43.0,plant,0.5939911323244289,0.9140880458783647,0.9890175153516523,0.8393801391337056,0.9458333333333333,0.9458333333333333
2026-01-19,2026-01-19 04:00:00,2026-01-21 06:00:00,2,44.0,plant,0.7660116053461183,0.9483592916830553,0.9886638212020903,0.8704390488192941,0.8866666666666667,0.8866666666666667
2026-01-19,2026-01-19 04:00:00,2026-01-21 07:00:00,2,45.0,plant,0.8187977671729851,0.9698206458729351,0.9910630483560583,0.8837776047469326,0.9874999999999999,0.9874999999999999
2026-01-19,2026-01-19 04:00:00,2026-01-21 08:00:00,2,46.0,plant,0.802132843857303,0.9749052922683604,0.9964083744252222,0.8925962856212966,0.9883333333333333,0.9883333333333333
2026-01-19,2026-01-19 04:00:00,2026-01-21 09:00:00,2,47.0,plant,0.8121355839998188,0.9754101238589618,1.0,0.9067988539595608,0.9899999999999999,0.9899999999999999
2026-01-19,2026-01-19 04:00:00,2026-01-21 10:00:00,2,48.0,plant,0.8307679608061563,0.9701488917546115,0.9826631569584504,0.8970559497108935,0.94,0.94
2026-01-19,2026-01-19 04:00:00,2026-01-21 11:00:00,2,49.0,plant,0.8247405396949351,0.9658265417026761,0.9926801417578663,0.8959716222444868,0.9891666666666665,0.9891666666666665
2026-01-19,2026-01-19 04:00:00,2026-01-21 12:00:00,2,50.0,plant,0.7656446558490888,0.9831425289092182,0.9930847538860188,0.8967431581470762,0.9899999999999999,0.9899999999999999
2026-01-19,2026-01-19 04:00:00,2026-01-21 13:00:00,2,51.0,plant,0.6253522445744195,0.9254850341610592,0.9920957186059336,0.8474578021414924,0.9891666666666665,0.9891666666666665
2026-01-19,2026-01-19 04:00:00,2026-01-21 14:00:00,2,52.0,plant,0.5855563488240912,0.9369409186091366,0.994321248221543,0.8466416908758694,0.9875,0.9875
2026-01-19,2026-01-19 04:00:00,2026-01-21 15:00:00,2,53.0,plant,0.5665450995260658,0.9449783493680894,1.0,0.8604226216706141,0.9666666666666667,0.9666666666666667
2026-01-19,2026-01-19 04:00:00,2026-01-21 16:00:00,2,54.0,plant,0.58047367582929,0.9672393184365228,0.9958564062352439,0.8570617097035064,0.9866666666666666,0.9866666666666666
2026-01-19,2026-01-19 04:00:00,2026-01-21 17:00:00,2,55.0,plant,0.6178054495026923,0.9634066909660777,0.9953279934892107,0.879208683432833,0.9833333333333334,0.9833333333333334
2026-01-19,2026-01-19 04:00:00,2026-01-21 18:00:00,2,56.0,plant,0.574159381850324,0.9494377164506087,0.9947817414077982,0.8478870290446527,0.32166666666666666,0.32166666666666666
2026-01-19,2026-01-19 04:00:00,2026-01-21 19:00:00,2,57.0,plant,0.5229549226605508,0.9347886072943089,0.9994142527219773,0.7974708550357871,0.05666666666666667,0.05666666666666667
2026-01-19,2026-01-19 04:00:00,2026-01-21 20:00:00,2,58.0,plant,0.5192189697503611,0.9316541026298731,1.0,0.8012888757266872,0.19416666666666665,0.19416666666666665
2026-01-19,2026-01-19 04:00:00,2026-01-21 21:00:00,2,59.0,plant,0.579976851809248,0.9445676944348076,1.0,0.8148373167745488,0.19333333333333333,0.19333333333333333
2026-01-19,2026-01-19 04:00:00,2026-01-21 22:00:00,2,60.0,plant,0.6216045350173187,0.9432064521928772,0.9913917315302805,0.8345275257738807,0.16833333333333333,0.16833333333333333
2026-01-19,2026-01-19 04:00:00,2026-01-21 23:00:00,2,61.0,plant,0.5567247567251208,0.9116653741969719,0.9850891934648682,0.825414536089152,0.32166666666666666,0.32166666666666666
2026-01-20,2026-01-20 04:00:00,2026-01-21 00:00:00,1,14.0,plant,0.029738176774589037,0.20887532419571228,0.6835890381265257,0.31911070742216874,0.2683333333333333,0.2683333333333333
2026-01-20,2026-01-20 04:00:00,2026-01-21 01:00:00,1,15.0,plant,0.12746180294087397,0.40201955850732357,0.8016127173816183,0.49184499977104584,0.2783333333333333,0.2783333333333333
2026-01-20,2026-01-20 04:00:00,2026-01-21 02:00:00,1,16.0,plant,0.3205872004694819,0.6928434007309169,0.8909474571095609,0.7019813169181957,0.41583333333333333,0.41583333333333333
2026-01-20,2026-01-20 04:00:00,2026-01-21 03:00:00,1,17.0,plant,0.521432868549194,0.8580368373897028,0.9699484751229197,0.8057285096571767,0.6625000000000001,0.6625000000000001
2026-01-20,2026-01-20 04:00:00,2026-01-21 04:00:00,1,18.0,plant,0.7134986129319801,0.9332885049633968,0.9886571641759577,0.8896617314300658,0.8183333333333334,0.8183333333333334
2026-01-20,2026-01-20 04:00:00,2026-01-21 05:00:00,1,19.0,plant,0.800747089341982,0.9503827003734496,0.9907202761540761,0.8738165473738558,0.9458333333333333,0.9458333333333333
2026-01-20,2026-01-20 04:00:00,2026-01-21 06:00:00,1,20.0,plant,0.8035244093913407,0.9640953044474988,0.9939674707556767,0.8818557571946598,0.8866666666666667,0.8866666666666667
2026-01-20,2026-01-20 04:00:00,2026-01-21 07:00:00,1,21.0,plant,0.8116061522059733,0.9699880799560532,0.9979074139013363,0.8837322140313787,0.9874999999999999,0.9874999999999999
2026-01-20,2026-01-20 04:00:00,2026-01-21 08:00:00,1,22.0,plant,0.8147849522517777,0.9644988053650088,0.9986846273741036,0.8815239244309087,0.9883333333333333,0.9883333333333333
2026-01-20,2026-01-20 04:00:00,2026-01-21 09:00:00,1,23.0,plant,0.8280197043969475,0.9849486948766709,1.0,0.9127023321444446,0.9899999999999999,0.9899999999999999
2026-01-20,2026-01-20 04:00:00,2026-01-21 10:00:00,1,24.0,plant,0.8687250834149893,0.9823680324255443,0.9891248188503623,0.9306444367857702,0.94,0.94
2026-01-20,2026-01-20 04:00:00,2026-01-21 11:00:00,1,25.0,plant,0.8841340267865622,0.9916075176624505,0.9959165938159882,0.9214555588877005,0.9891666666666665,0.9891666666666665
2026-01-20,2026-01-20 04:00:00,2026-01-21 12:00:00,1,26.0,plant,0.8822916947802056,0.9994690164460872,1.0,0.9291453625481485,0.9899999999999999,0.9899999999999999
2026-01-20,2026-01-20 04:00:00,2026-01-21 13:00:00,1,27.0,plant,0.8389275016504933,0.9896933234610444,1.0,0.9026159891033743,0.9891666666666665,0.9891666666666665
2026-01-20,2026-01-20 04:00:00,2026-01-21 14:00:00,1,28.0,plant,0.7734739817218661,0.9696158641640642,0.9909134461162624,0.8788266164638068,0.9875,0.9875
2026-01-20,2026-01-20 04:00:00,2026-01-21 15:00:00,1,29.0,plant,0.7447204299526752,0.9550613904012385,0.9980957457539695,0.9254577629532417,0.9666666666666667,0.9666666666666667
2026-01-20,2026-01-20 04:00:00,2026-01-21 16:00:00,1,30.0,plant,0.7222283318297211,0.9486820223616669,0.9886861913507281,0.9053620729222958,0.9866666666666666,0.9866666666666666
2026-01-20,2026-01-20 04:00:00,2026-01-21 17:00:00,1,31.0,plant,0.678476835409481,0.9415415038465996,0.9909502419192928,0.8520254585312509,0.9833333333333334,0.9833333333333334
2026-01-20,2026-01-20 04:00:00,2026-01-21 18:00:00,1,32.0,plant,0.5403535105118809,0.9244270799158216,0.9862144343633461,0.8048376207469986,0.32166666666666666,0.32166666666666666
2026-01-20,2026-01-20 04:00:00,2026-01-21 19:00:00,1,33.0,plant,0.49906596043129464,0.9259923227122847,0.9963162708747506,0.8110318284245881,0.05666666666666667,0.05666666666666667
2026-01-20,2026-01-20 04:00:00,2026-01-21 20:00:00,1,34.0,plant,0.5522584351179485,0.93954782838639,0.982840685016609,0.8184918788530322,0.19416666666666665,0.19416666666666665
2026-01-20,2026-01-20 04:00:00,2026-01-21 21:00:00,1,35.0,plant,0.6074010362072064,0.9718422374871104,1.0,0.848021232182015,0.19333333333333333,0.19333333333333333
2026-01-20,2026-01-20 04:00:00,2026-01-21 22:00:00,1,36.0,plant,0.6198154662587368,0.957635310197943,0.9955149917179309,0.8357270538699353,0.16833333333333333,0.16833333333333333
2026-01-20,2026-01-20 04:00:00,2026-01-21 23:00:00,1,37.0,plant,0.7674463843214775,0.9620663216493518,0.9942092229733184,0.8761194650268069,0.32166666666666666,0.32166666666666666
2026-01-20,2026-01-20 04:00:00,2026-01-22 00:00:00,2,38.0,plant,0.7282043482886611,0.9647685728785627,0.9911454250234891,0.8678141271409551,0.45749999999999996,0.45749999999999996
2026-01-20,2026-01-20 04:00:00,2026-01-22 01:00:00,2,39.0,plant,0.6490938140140113,0.9500241188240584,0.9928417224036477,0.8522559711995332,0.5341666666666667,0.5341666666666667
2026-01-20,2026-01-20 04:00:00,2026-01-22 02:00:00,2,40.0,plant,0.415698501926166,0.8899325745965126,0.9779992196571855,0.7799093133620878,0.3916666666666667,0.3916666666666667
2026-01-20,2026-01-20 04:00:00,2026-01-22 03:00:00,2,41.0,plant,0.16479920249197963,0.6531502530279376,0.9267513852578402,0.6048058725235789,0.44250000000000006,0.44250000000000006
2026-01-20,2026-01-20 04:00:00,2026-01-22 04:00:00,2,42.0,plant,0.010219421698704764,0.2797260551200988,0.6369695507268884,0.2864602690023817,0.21333333333333332,0.21333333333333332
2026-01-20,2026-01-20 04:00:00,2026-01-22 05:00:00,2,43.0,plant,0.026472833798251657,0.22894409089299061,0.5475151852100172,0.23644535892955076,0.365,0.365
2026-01-20,2026-01-20 04:00:00,2026-01-22 06:00:00,2,44.0,plant,0.013428100174996453,0.14920470162761962,0.6872361186978952,0.2574955483902133,0.0925,0.0925
2026-01-20,2026-01-20 04:00:00,2026-01-22 07:00:00,2,45.0,plant,0.006657141872602647,0.11343793883392989,0.4384872103934448,0.1419198389748003,0.03,0.03
2026-01-20,2026-01-20 04:00:00,2026-01-22 08:00:00,2,46.0,plant,0.0020565446387205474,0.08281595294355994,0.5281110904184403,0.16612560423440634,0.01,0.01
2026-01-20,2026-01-20 04:00:00,2026-01-22 09:00:00,2,47.0,plant,0.01301717214418317,0.17983070035312318,0.5535130987672022,0.2436375530931384,0.030833333333333334,0.030833333333333334
2026-01-20,2026-01-20 04:00:00,2026-01-22 10:00:00,2,48.0,plant,0.02518687630695754,0.2500520052637989,0.6368776344256333,0.35563587925106155,0.016666666666666666,0.016666666666666666
2026-01-20,2026-01-20 04:00:00,2026-01-22 11:00:00,2,49.0,plant,0.014882499658283005,0.11167263626832674,0.61662830210688,0.2718664334507864,0.010833333333333334,0.010833333333333334
2026-01-20,2026-01-20 04:00:00,2026-01-22 12:00:00,2,50.0,plant,0.009028497900880877,0.12418873245702378,0.7550337533162674,0.24924013544268672,0.009166666666666667,0.009166666666666667
2026-01-20,2026-01-20 04:00:00,2026-01-22 13:00:00,2,51.0,plant,0.0073983558008781656,0.12539676958608809,0.649620838984177,0.230320764103291,0.1525,0.1525
2026-01-20,2026-01-20 04:00:00,2026-01-22 14:00:00,2,52.0,plant,0.012051638529683415,0.2216621342718718,0.6675840657097678,0.2870345727371679,0.32416666666666666,0.32416666666666666
2026-01-20,2026-01-20 04:00:00,2026-01-22 15:00:00,2,53.0,plant,0.03443831977315088,0.2813867865962191,0.7271905024675076,0.2587361022984426,0.31166666666666665,0.31166666666666665
2026-01-20,2026-01-20 04:00:00,2026-01-22 16:00:00,2,54.0,plant,0.08826562741094199,0.5879819403600568,0.8806255633288688,0.540984191425231,0.5016666666666666,0.5016666666666666
2026-01-20,2026-01-20 04:00:00,2026-01-22 17:00:00,2,55.0,plant,0.18919458702887706,0.7142961159878259,0.9372613000896686,0.7061613492973223,0.49166666666666664,0.49166666666666664
2026-01-20,2026-01-20 04:00:00,2026-01-22 18:00:00,2,56.0,plant,0.42810786893796604,0.8513112284677316,0.9715632566959586,0.7706866271247254,0.45999999999999996,0.45999999999999996
2026-01-20,2026-01-20 04:00:00,2026-01-22 19:00:00,2,57.0,plant,0.7077053420877153,0.9326285153585898,0.9831562916422089,0.881260800719566,0.74,0.74
2026-01-20,2026-01-20 04:00:00,2026-01-22 20:00:00,2,58.0,plant,0.8159301260943091,0.9615376757630539,0.9913043090856019,0.9018892266450919,0.7883333333333333,0.7883333333333333
2026-01-20,2026-01-20 04:00:00,2026-01-22 21:00:00,2,59.0,plant,0.8097703988472659,0.9802565552985761,0.9885388730808159,0.9131428772640593,0.6983333333333333,0.6983333333333333
2026-01-20,2026-01-20 04:00:00,2026-01-22 22:00:00,2,60.0,plant,0.8264782510148821,0.9800300524427686,0.9948143364241844,0.908560726707808,0.9675,0.9675
2026-01-20,2026-01-20 04:00:00,2026-01-22 23:00:00,2,61.0,plant,0.6831591683632015,0.9704968341190878,0.9850214410447126,0.8483112496275491,0.9833333333333334,0.9833333333333334
2026-01-21,2026-01-21 04:00:00,2026-01-22 00:00:00,1,14.0,plant,0.4716496623316161,0.8734196349150277,0.9658890885093543,0.7440758553285468,0.45749999999999996,0.45749999999999996
2026-01-21,2026-01-21 04:00:00,2026-01-22 01:00:00,1,15.0,plant,0.44081579279772515,0.8583769179689487,0.9653795031096901,0.7207658685322572,0.5341666666666667,0.5341666666666667
2026-01-21,2026-01-21 04:00:00,2026-01-22 02:00:00,1,16.0,plant,0.32232263395075017,0.705885448618528,0.9273881927961194,0.6970508581291001,0.3916666666666667,0.3916666666666667
2026-01-21,2026-01-21 04:00:00,2026-01-22 03:00:00,1,17.0,plant,0.07722429240383104,0.4140896550438404,0.7218234984533456,0.38774170520462103,0.44250000000000006,0.44250000000000006
2026-01-21,2026-01-21 04:00:00,2026-01-22 04:00:00,1,18.0,plant,0.03786465615753388,0.21133947659007318,0.5806613579822356,0.31049759417948675,0.21333333333333332,0.21333333333333332
2026-01-21,2026-01-21 04:00:00,2026-01-22 05:00:00,1,19.0,plant,0.015224189228946809,0.16212773976739367,0.503178719187048,0.18886016184595636,0.365,0.365
2026-01-21,2026-01-21 04:00:00,2026-01-22 06:00:00,1,20.0,plant,0.009003242001006356,0.06876149349832601,0.38237084647807146,0.14576342203948098,0.0925,0.0925
2026-01-21,2026-01-21 04:00:00,2026-01-22 07:00:00,1,21.0,plant,0.005256417949950363,0.025342727642599622,0.31251198101225725,0.07923614847033777,0.03,0.03
2026-01-21,2026-01-21 04:00:00,2026-01-22 08:00:00,1,22.0,plant,0.005587852626550131,0.06865467664793777,0.291184905773073,0.11823391277461644,0.01,0.01
2026-01-21,2026-01-21 04:00:00,2026-01-22 09:00:00,1,23.0,plant,0.0020235130073125622,0.039973555628056406,0.4551719662460093,0.14023563406316902,0.030833333333333334,0.030833333333333334
2026-01-21,2026-01-21 04:00:00,2026-01-22 10:00:00,1,24.0,plant,0.0,0.0,0.35444577986970255,0.08729299315512466,0.016666666666666666,0.016666666666666666
2026-01-21,2026-01-21 04:00:00,2026-01-22 11:00:00,1,25.0,plant,0.0,0.0,0.34817851392411514,0.06261654746238413,0.010833333333333334,0.010833333333333334
2026-01-21,2026-01-21 04:00:00,2026-01-22 12:00:00,1,26.0,plant,0.0037245592862771284,0.08631320862748357,0.6281300432062976,0.15247705710052292,0.009166666666666667,0.009166666666666667
2026-01-21,2026-01-21 04:00:00,2026-01-22 13:00:00,1,27.0,plant,0.0008157068837458103,0.07194227664703344,0.4954640859122515,0.12234938940669102,0.1525,0.1525
2026-01-21,2026-01-21 04:00:00,2026-01-22 14:00:00,1,28.0,plant,0.003989676624426698,0.08949710776549327,0.5372480880240491,0.17667975534670893,0.32416666666666666,0.32416666666666666
2026-01-21,2026-01-21 04:00:00,2026-01-22 15:00:00,1,29.0,plant,0.06353605563339086,0.340321676110495,0.7599793535823505,0.36744282976224824,0.31166666666666665,0.31166666666666665
2026-01-21,2026-01-21 04:00:00,2026-01-22 16:00:00,1,30.0,plant,0.10570044114036763,0.515848578141509,0.849025798893121,0.4761934185238471,0.5016666666666666,0.5016666666666666
2026-01-21,2026-01-21 04:00:00,2026-01-22 17:00:00,1,31.0,plant,0.2153951019683868,0.742025876174322,0.9442948367374226,0.7061249994404197,0.49166666666666664,0.49166666666666664
2026-01-21,2026-01-21 04:00:00,2026-01-22 18:00:00,1,32.0,plant,0.32730751201701463,0.7731975234555849,0.9613327519584132,0.7475866114202113,0.45999999999999996,0.45999999999999996
2026-01-21,2026-01-21 04:00:00,2026-01-22 19:00:00,1,33.0,plant,0.4532813686448326,0.8136564317911885,0.9564607384985055,0.7818652973248298,0.74,0.74
2026-01-21,2026-01-21 04:00:00,2026-01-22 20:00:00,1,34.0,plant,0.5308580868511767,0.8594504154780972,0.9698349664341139,0.7885376609039058,0.7883333333333333,0.7883333333333333
2026-01-21,2026-01-21 04:00:00,2026-01-22 21:00:00,1,35.0,plant,0.7431226918912027,0.9450683017099627,0.9764378507200326,0.8902970152417323,0.6983333333333333,0.6983333333333333
2026-01-21,2026-01-21 04:00:00,2026-01-22 22:00:00,1,36.0,plant,0.7971806993642846,0.9714272382767796,0.9829106314413659,0.9100376407668326,0.9675,0.9675
2026-01-21,2026-01-21 04:00:00,2026-01-22 23:00:00,1,37.0,plant,0.7783506172036807,0.9718725185250728,0.984060430553567,0.8886227530788985,0.9833333333333334,0.9833333333333334
2026-01-21,2026-01-21 04:00:00,2026-01-23 00:00:00,2,38.0,plant,0.8089474636174908,0.9805050142200876,0.9897539171531927,0.9060805879680754,0.9858333333333332,0.9858333333333332
2026-01-21,2026-01-21 04:00:00,2026-01-23 01:00:00,2,39.0,plant,0.6990702067335226,0.9527745633597491,0.984829917035197,0.8855035584772778,0.9874999999999999,0.9874999999999999
2026-01-21,2026-01-21 04:00:00,2026-01-23 02:00:00,2,40.0,plant,0.6064742493355634,0.9386243352750859,0.9744251397031275,0.8575213946669885,0.9833333333333333,0.9833333333333333
2026-01-21,2026-01-21 04:00:00,2026-01-23 03:00:00,2,41.0,plant,0.5232063231511841,0.9010989886995375,0.9694529392708398,0.8079983400434514,0.8325,0.8325
2026-01-21,2026-01-21 04:00:00,2026-01-23 04:00:00,2,42.0,plant,0.427454826474256,0.8004009082208063,0.9551698490622546,0.7571528082479314,0.46166666666666667,0.46166666666666667
2026-01-21,2026-01-21 04:00:00,2026-01-23 05:00:00,2,43.0,plant,0.33379358858398495,0.7760790537602988,0.937078048918258,0.6832793805069832,0.42833333333333334,0.42833333333333334
2026-01-21,2026-01-21 04:00:00,2026-01-23 06:00:00,2,44.0,plant,0.18862860418098337,0.6521613615582956,0.8945819819774309,0.6111108139804765,0.46166666666666667,0.46166666666666667
2026-01-21,2026-01-21 04:00:00,2026-01-23 07:00:00,2,45.0,plant,0.0874485347990218,0.4778060172360659,0.8134941090840438,0.4499475002107084,0.30583333333333335,0.30583333333333335
2026-01-21,2026-01-21 04:00:00,2026-01-23 08:00:00,2,46.0,plant,0.06271038313110998,0.3914032748551481,0.7569581238240186,0.3705070059580363,0.7150000000000001,0.7150000000000001
2026-01-21,2026-01-21 04:00:00,2026-01-23 09:00:00,2,47.0,plant,0.04580698619326937,0.3633461831761962,0.7948565828164093,0.3806954683578262,0.8408333333333333,0.8408333333333333
2026-01-21,2026-01-21 04:00:00,2026-01-23 10:00:00,2,48.0,plant,0.025749684768719305,0.24754816773391397,0.7623770495055615,0.3115951398418957,0.9124999999999999,0.9124999999999999
2026-01-21,2026-01-21 04:00:00,2026-01-23 11:00:00,2,49.0,plant,0.01983084615195493,0.14497177501634634,0.5972233629930029,0.22794286290013285,0.49,0.49
2026-01-21,2026-01-21 04:00:00,2026-01-23 12:00:00,2,50.0,plant,0.018645405787875383,0.13303010110700128,0.44958139485302595,0.1701694084426483,0.2416666666666667,0.2416666666666667
2026-01-21,2026-01-21 04:00:00,2026-01-23 13:00:00,2,51.0,plant,0.015087211700084768,0.11450832709117388,0.4382961905220806,0.19292601016671335,0.12666666666666665,0.12666666666666665
2026-01-21,2026-01-21 04:00:00,2026-01-23 14:00:00,2,52.0,plant,0.011791254133788572,0.14047774382877076,0.48220204369758163,0.19398281196414502,0.16999999999999998,0.16999999999999998
2026-01-21,2026-01-21 04:00:00,2026-01-23 15:00:00,2,53.0,plant,0.011353731135731238,0.13253849487638433,0.41047862447833433,0.1647929850663355,0.30833333333333335,0.30833333333333335
2026-01-21,2026-01-21 04:00:00,2026-01-23 16:00:00,2,54.0,plant,0.009596407042943438,0.13409818228099374,0.47394754579393,0.20624255042381978,0.6516666666666666,0.6516666666666666
2026-01-21,2026-01-21 04:00:00,2026-01-23 17:00:00,2,55.0,plant,0.01602181612941608,0.18313196458488176,0.6290241294072868,0.267497422891677,0.5333333333333333,0.5333333333333333
2026-01-21,2026-01-21 04:00:00,2026-01-23 18:00:00,2,56.0,plant,0.03307365212291056,0.2334843283696725,0.6716808136073098,0.30559538404038267,0.3733333333333333,0.3733333333333333
2026-01-21,2026-01-21 04:00:00,2026-01-23 19:00:00,2,57.0,plant,0.020274697157392545,0.2591926216602447,0.6424953250009328,0.33443081374421924,0.15250000000000002,0.15250000000000002
2026-01-21,2026-01-21 04:00:00,2026-01-23 20:00:00,2,58.0,plant,0.0209076578444504,0.26401596622660134,0.6390683711691564,0.38502858493594316,0.07250000000000001,0.07250000000000001
2026-01-21,2026-01-21 04:00:00,2026-01-23 21:00:00,2,59.0,plant,0.020991975746944586,0.28439255300702115,0.6023416426297302,0.37855204562704664,0.023333333333333334,0.023333333333333334
2026-01-21,2026-01-21 04:00:00,2026-01-23 22:00:00,2,60.0,plant,0.01723658656709516,0.22426437224193554,0.5734314314758241,0.2795633441658641,0.03833333333333334,0.03833333333333334
2026-01-21,2026-01-21 04:00:00,2026-01-23 23:00:00,2,61.0,plant,0.014922464879353118,0.24190787505465136,0.6071942203466044,0.29761326122776666,0.01,0.01
2026-01-22,2026-01-22 04:00:00,2026-01-23 00:00:00,1,14.0,plant,0.8176097584910432,0.9757171827986846,0.9877257955483285,0.9134986867239979,0.9858333333333332,0.9858333333333332
2026-01-22,2026-01-22 04:00:00,2026-01-23 01:00:00,1,15.0,plant,0.694797418403418,0.9625642996394205,0.9852373064575556,0.8744931006131055,0.9874999999999999,0.9874999999999999
2026-01-22,2026-01-22 04:00:00,2026-01-23 02:00:00,1,16.0,plant,0.6760390698779354,0.9531931516970433,0.9784277399326663,0.8723794875038963,0.9833333333333333,0.9833333333333333
2026-01-22,2026-01-22 04:00:00,2026-01-23 03:00:00,1,17.0,plant,0.6372144862502682,0.9356856463523173,0.9738335174430015,0.8654667183114823,0.8325,0.8325
2026-01-22,2026-01-22 04:00:00,2026-01-23 04:00:00,1,18.0,plant,0.6164978630563288,0.935415760729073,0.9758279076660754,0.8567279611213284,0.46166666666666667,0.46166666666666667
2026-01-22,2026-01-22 04:00:00,2026-01-23 05:00:00,1,19.0,plant,0.5038211527485202,0.8721647332808694,0.9614968828578166,0.7988776373483492,0.42833333333333334,0.42833333333333334
2026-01-22,2026-01-22 04:00:00,2026-01-23 06:00:00,1,20.0,plant,0.2650886498202228,0.7153642251471346,0.9426145379533357,0.663702514034327,0.46166666666666667,0.46166666666666667
2026-01-22,2026-01-22 04:00:00,2026-01-23 07:00:00,1,21.0,plant,0.19081156506087468,0.6599666906237669,0.9126209847892052,0.6207039527901679,0.30583333333333335,0.30583333333333335
2026-01-22,2026-01-22 04:00:00,2026-01-23 08:00:00,1,22.0,plant,0.08394123084694295,0.44708071510044617,0.8036362000103533,0.42202716419804104,0.7150000000000001,0.7150000000000001
2026-01-22,2026-01-22 04:00:00,2026-01-23 09:00:00,1,23.0,plant,0.03688194012485743,0.2821196162488637,0.7680120196449691,0.34644433824020465,0.8408333333333333,0.8408333333333333
2026-01-22,2026-01-22 04:00:00,2026-01-23 10:00:00,1,24.0,plant,0.01389444083457048,0.15240726655990355,0.591704640837831,0.25633265564060465,0.9124999999999999,0.9124999999999999
2026-01-22,2026-01-22 04:00:00,2026-01-23 11:00:00,1,25.0,plant,0.013004211013196501,0.09315500769990413,0.38976690142044085,0.1510264226705599,0.49,0.49
2026-01-22,2026-01-22 04:00:00,2026-01-23 12:00:00,1,26.0,plant,0.009184437739280103,0.09257385359242778,0.35058159716340326,0.1264968768236553,0.2416666666666667,0.2416666666666667
2026-01-22,2026-01-22 04:00:00,2026-01-23 13:00:00,1,27.0,plant,0.008307514661460343,0.07777772851261465,0.3424719750341721,0.12258437320201676,0.12666666666666665,0.12666666666666665
2026-01-22,2026-01-22 04:00:00,2026-01-23 14:00:00,1,28.0,plant,0.011796745449965347,0.14187335055828823,0.399826174696526,0.15644643592567917,0.16999999999999998,0.16999999999999998
2026-01-22,2026-01-22 04:00:00,2026-01-23 15:00:00,1,29.0,plant,0.02464801550571016,0.16483626471868157,0.5005256716700741,0.21517155274720054,0.30833333333333335,0.30833333333333335
2026-01-22,2026-01-22 04:00:00,2026-01-23 16:00:00,1,30.0,plant,0.031794166137869534,0.251984420121449,0.6110987248315152,0.26133874158831666,0.6516666666666666,0.6516666666666666
2026-01-22,2026-01-22 04:00:00,2026-01-23 17:00:00,1,31.0,plant,0.07337492617586364,0.35104184527273674,0.7030341418575982,0.31925922350030245,0.5333333333333333,0.5333333333333333
2026-01-22,2026-01-22 04:00:00,2026-01-23 18:00:00,1,32.0,plant,0.05291556460757856,0.4252162892240761,0.6916853723737754,0.34458637355531563,0.3733333333333333,0.3733333333333333
2026-01-22,2026-01-22 04:00:00,2026-01-23 19:00:00,1,33.0,plant,0.08111906557390126,0.4681811200939978,0.6843314821522276,0.4071133887302186,0.15250000000000002,0.15250000000000002
2026-01-22,2026-01-22 04:00:00,2026-01-23 20:00:00,1,34.0,plant,0.0953828082814506,0.4916082674044549,0.7622190114047116,0.43779731991455134,0.07250000000000001,0.07250000000000001
2026-01-22,2026-01-22 04:00:00,2026-01-23 21:00:00,1,35.0,plant,0.07693428524098912,0.3697421195427264,0.7463108592724631,0.3716584879973324,0.023333333333333334,0.023333333333333334
2026-01-22,2026-01-22 04:00:00,2026-01-23 22:00:00,1,36.0,plant,0.04640203965752211,0.37115463588974107,0.713423040851777,0.37884618868182196,0.03833333333333334,0.03833333333333334
2026-01-22,2026-01-22 04:00:00,2026-01-23 23:00:00,1,37.0,plant,0.04084918249629422,0.3140791509080025,0.6965070583661626,0.3996959946867708,0.01,0.01
2026-01-22,2026-01-22 04:00:00,2026-01-24 00:00:00,2,38.0,plant,0.03564721780770704,0.29572628576841914,0.6713534430954682,0.39386836927398616,0.01,0.01
2026-01-22,2026-01-22 04:00:00,2026-01-24 01:00:00,2,39.0,plant,0.014510985368022079,0.1738998962938255,0.5891505194689168,0.291467569894395,,0.010833333333333334
2026-01-22,2026-01-22 04:00:00,2026-01-24 02:00:00,2,40.0,plant,0.007986529013759174,0.09172836898589695,0.3559803749443295,0.17643873933339707,,0.01
2026-01-22,2026-01-22 04:00:00,2026-01-24 03:00:00,2,41.0,plant,0.005957586078004181,0.08351462398308378,0.27373802763695454,0.12645593413211628,,0.01
2026-01-22,2026-01-22 04:00:00,2026-01-24 04:00:00,2,42.0,plant,0.003326425487005398,0.08166451807238703,0.29710243006729353,0.10105956369555137,,0.01
2026-01-22,2026-01-22 04:00:00,2026-01-24 05:00:00,2,43.0,plant,0.00839137563950685,0.15724196665162296,0.4214584881037057,0.17424503074069259,,0.01
2026-01-22,2026-01-22 04:00:00,2026-01-24 06:00:00,2,44.0,plant,0.014968363771564738,0.2544377304135077,0.6337860889426892,0.30149951846566736,,0.025833333333333333
2026-01-22,2026-01-22 04:00:00,2026-01-24 07:00:00,2,45.0,plant,0.02921278243955652,0.25360486599629134,0.6749518606814748,0.3140199032901634,,0.0725
2026-01-22,2026-01-22 04:00:00,2026-01-24 08:00:00,2,46.0,plant,0.03741042080051463,0.3203773282940744,0.764699008805123,0.4174696958047579,,0.4125
2026-01-22,2026-01-22 04:00:00,2026-01-24 09:00:00,2,47.0,plant,0.13125980728433698,0.47091393384154995,0.9654034246862663,0.47344739370299727,0.9716666666666667,0.49083333333333334
2026-01-22,2026-01-22 04:00:00,2026-01-24 10:00:00,2,48.0,plant,0.2290722608263753,0.7119942804431012,0.9277756319410893,0.6637380991296479,0.9899999999999999,0.715
2026-01-22,2026-01-22 04:00:00,2026-01-24 11:00:00,2,49.0,plant,0.5463173010819237,0.8221299258849275,0.9822154427390701,0.8059749011524702,0.9849999999999999,0.9849999999999999
2026-01-22,2026-01-22 04:00:00,2026-01-24 12:00:00,2,50.0,plant,0.8147464318235966,0.9565495375779827,0.9926983581343181,0.8767911093106515,0.99,0.7383333333333334
2026-01-22,2026-01-22 04:00:00,2026-01-24 13:00:00,2,51.0,plant,0.8869589233967848,0.9823861101061818,0.9977227788763725,0.930935732286087,0.9849999999999999,0.9849999999999999
2026-01-22,2026-01-22 04:00:00,2026-01-24 14:00:00,2,52.0,plant,0.9440045946038679,0.9895724747924725,0.9965363785736924,0.9557725227299443,0.9858333333333332,0.9858333333333332
2026-01-22,2026-01-22 04:00:00,2026-01-24 15:00:00,2,53.0,plant,0.9453339413653159,0.9907504095425443,0.9979399936045948,0.9708475612024094,0.9883333333333333,0.9883333333333333
2026-01-22,2026-01-22 04:00:00,2026-01-24 16:00:00,2,54.0,plant,0.9603778418983961,0.9914139079653427,0.9979685005316326,0.9753655460183609,0.9866666666666666,0.9866666666666666
2026-01-22,2026-01-22 04:00:00,2026-01-24 17:00:00,2,55.0,plant,0.978101296559932,0.9933283022114815,1.0,0.991648378957735,0.9899999999999999,0.9899999999999999
2026-01-22,2026-01-22 04:00:00,2026-01-24 18:00:00,2,56.0,plant,0.9793098339121478,0.9883375312782823,1.0,0.9711240407227065,0.9899999999999999,0.9899999999999999
2026-01-22,2026-01-22 04:00:00,2026-01-24 19:00:00,2,57.0,plant,0.9235056669059061,0.9847555220284723,0.99328627840749,0.9506056195773154,0.9691666666666665,0.9691666666666665
2026-01-22,2026-01-22 04:00:00,2026-01-24 20:00:00,2,58.0,plant,0.8827982080053447,0.9847188170117217,0.9925922109896571,0.9447052626475545,0.9625,0.9625
2026-01-22,2026-01-22 04:00:00,2026-01-24 21:00:00,2,59.0,plant,0.7909835331598086,0.9818533669847535,0.9920147079211934,0.9168565913254444,0.9899999999999999,0.9899999999999999
2026-01-22,2026-01-22 04:00:00,2026-01-24 22:00:00,2,60.0,plant,0.6814764496247678,0.943983124117682,0.9857543792199585,0.8830301152419826,0.9749999999999999,0.9749999999999999
2026-01-22,2026-01-22 04:00:00,2026-01-24 23:00:00,2,61.0,plant,0.6811989472748665,0.9525580104287709,0.9801263104127041,0.8514020077866523,0.98,0.98
2026-01-23,2026-01-23 04:00:00,2026-01-24 00:00:00,1,14.0,plant,0.014008796808226979,0.10191328348657967,0.2663422427380349,0.12875881878119155,0.01,0.01
2026-01-23,2026-01-23 04:00:00,2026-01-24 01:00:00,1,15.0,plant,0.00606138247794642,0.06448055329642167,0.15405481815846309,0.09362618891939407,,0.010833333333333334
2026-01-23,2026-01-23 04:00:00,2026-01-24 02:00:00,1,16.0,plant,0.005050381110150934,0.05030688061260159,0.13942309886118137,0.07166528061994447,,0.01
2026-01-23,2026-01-23 04:00:00,2026-01-24 03:00:00,1,17.0,plant,0.005681940325717025,0.027102323864886098,0.12880042749958673,0.058574840690139726,,0.01
2026-01-23,2026-01-23 04:00:00,2026-01-24 04:00:00,1,18.0,plant,0.010973970455399818,0.08154823718668719,0.2898363605705382,0.18666489782223195,,0.01
2026-01-23,2026-01-23 04:00:00,2026-01-24 05:00:00,1,19.0,plant,0.030217770260756914,0.23218280177794465,0.5421629764320297,0.2897896038926229,,0.01
2026-01-23,2026-01-23 04:00:00,2026-01-24 06:00:00,1,20.0,plant,0.05128880393751574,0.3042032903533936,0.6193555640988173,0.34631371178819864,,0.025833333333333333
2026-01-23,2026-01-23 04:00:00,2026-01-24 07:00:00,1,21.0,plant,0.09215725507062601,0.49775333276472317,0.8614683615726834,0.4906615990254631,,0.0725
2026-01-23,2026-01-23 04:00:00,2026-01-24 08:00:00,1,22.0,plant,0.16795186008854243,0.5391661183293948,0.9056732306116959,0.5488436067655271,,0.4125
2026-01-23,2026-01-23 04:00:00,2026-01-24 09:00:00,1,23.0,plant,0.3229679749679695,0.6092501755550654,0.9062771969765524,0.6111756988583628,0.9716666666666667,0.49083333333333334
2026-01-23,2026-01-23 04:00:00,2026-01-24 10:00:00,1,24.0,plant,0.6129044526984029,0.8522825890449622,0.9501765544935431,0.8307966840919938,0.9899999999999999,0.715
2026-01-23,2026-01-23 04:00:00,2026-01-24 11:00:00,1,25.0,plant,0.8513944598018981,0.9493474651296109,0.9964208849880603,0.9186467651528126,0.9849999999999999,0.9849999999999999
2026-01-23,2026-01-23 04:00:00,2026-01-24 12:00:00,1,26.0,plant,0.9025994262049135,0.9882271730959581,0.995923178950858,0.946377112394541,0.99,0.7383333333333334
2026-01-23,2026-01-23 04:00:00,2026-01-24 13:00:00,1,27.0,plant,0.9812869902363786,0.986285092568693,0.9952447579082679,0.9839409863456111,0.9849999999999999,0.9849999999999999
2026-01-23,2026-01-23 04:00:00,2026-01-24 14:00:00,1,28.0,plant,0.9842861059017066,0.9903611265044863,0.9985219225170189,0.983914064573733,0.9858333333333332,0.9858333333333332
2026-01-23,2026-01-23 04:00:00,2026-01-24 15:00:00,1,29.0,plant,0.9845048082179331,0.9894930818443354,0.9952174292276761,0.9926735961903971,0.9883333333333333,0.9883333333333333
2026-01-23,2026-01-23 04:00:00,2026-01-24 16:00:00,1,30.0,plant,0.9843384202475396,0.9899937278353339,0.9973957426008597,0.9990502558663262,0.9866666666666666,0.9866666666666666
2026-01-23,2026-01-23 04:00:00,2026-01-24 17:00:00,1,31.0,plant,0.9855567164851877,0.9921297170168805,0.9981202645700755,0.9927833038385565,0.9899999999999999,0.9899999999999999
2026-01-23,2026-01-23 04:00:00,2026-01-24 18:00:00,1,32.0,plant,0.9715977803072233,0.9882435222617828,1.0,0.9705843905606973,0.9899999999999999,0.9899999999999999
2026-01-23,2026-01-23 04:00:00,2026-01-24 19:00:00,1,33.0,plant,0.9024340897838409,0.9776352738715645,0.9915059680188103,0.9419199852454363,0.9691666666666665,0.9691666666666665
2026-01-23,2026-01-23 04:00:00,2026-01-24 20:00:00,1,34.0,plant,0.8500201176138916,0.9729686593979002,0.9928002819502649,0.9259912724810715,0.9625,0.9625
2026-01-23,2026-01-23 04:00:00,2026-01-24 21:00:00,1,35.0,plant,0.8208135401618556,0.9648900700319926,0.9885252977706754,0.9081401176172096,0.9899999999999999,0.9899999999999999
2026-01-23,2026-01-23 04:00:00,2026-01-24 22:00:00,1,36.0,plant,0.7222702203829978,0.9689128072507728,0.9848847058411505,0.8913474436379948,0.9749999999999999,0.9749999999999999
2026-01-23,2026-01-23 04:00:00,2026-01-24 23:00:00,1,37.0,plant,0.648864842272586,0.9294859831673401,0.9774583795850458,0.8534879142072627,0.98,0.98
2026-01-23,2026-01-23 04:00:00,2026-01-25 00:00:00,2,38.0,plant,0.63355136355528,0.9413269810106634,0.9749710633863079,0.817967928537584,0.9708333333333332,0.9708333333333332
2026-01-23,2026-01-23 04:00:00,2026-01-25 01:00:00,2,39.0,plant,0.5260570714769672,0.9139890980566958,0.9670950712991774,0.8013166905212937,0.5941666666666666,0.5941666666666666
2026-01-23,2026-01-23 04:00:00,2026-01-25 02:00:00,2,40.0,plant,0.49067907398487326,0.9032096500693204,0.9727679644451194,0.8037721829211917,0.26666666666666666,0.26666666666666666
2026-01-23,2026-01-23 04:00:00,2026-01-25 03:00:00,2,41.0,plant,0.36368338112099374,0.8059462346271895,0.973518815637876,0.7186677137249167,0.49250000000000005,0.49250000000000005
2026-01-23,2026-01-23 04:00:00,2026-01-25 04:00:00,2,42.0,plant,0.2751523751213365,0.7118505149973613,0.9864853569203965,0.6965566689830023,0.5741666666666667,0.5741666666666667
2026-01-23,2026-01-23 04:00:00,2026-01-25 05:00:00,2,43.0,plant,0.13287864478083408,0.6240756594305734,0.8894616296734839,0.5548559825262375,0.1366666666666667,0.1366666666666667
2026-01-23,2026-01-23 04:00:00,2026-01-25 06:00:00,2,44.0,plant,0.023209396798077493,0.2655288789785065,0.5755967888463978,0.29315785223086543,0.023333333333333334,0.023333333333333334
2026-01-23,2026-01-23 04:00:00,2026-01-25 07:00:00,2,45.0,plant,0.004468669941752605,0.1313089328460202,0.345395980206713,0.13278899727163754,0.36583333333333334,0.36583333333333334
2026-01-23,2026-01-23 04:00:00,2026-01-25 08:00:00,2,46.0,plant,0.007379171374284695,0.05438753941881832,0.24087966737058508,0.08069131764941424,0.3616666666666667,0.3616666666666667
2026-01-23,2026-01-23 04:00:00,2026-01-25 09:00:00,2,47.0,plant,0.004922744494549478,0.03193513158911417,0.22608416446946292,0.07719834787099748,0.13916666666666666,0.13916666666666666
2026-01-23,2026-01-23 04:00:00,2026-01-25 10:00:00,2,48.0,plant,0.004535698323619578,0.02596324397224167,0.2510802333191303,0.10963769367927056,0.06833333333333333,0.06833333333333333
2026-01-23,2026-01-23 04:00:00,2026-01-25 11:00:00,2,49.0,plant,0.0024877492695045194,0.03405625914532245,0.14517833158681487,0.06959951520659872,0.006666666666666666,0.006666666666666666
2026-01-23,2026-01-23 04:00:00,2026-01-25 12:00:00,2,50.0,plant,0.0030526509431594235,0.05519714407962481,0.25721452628626473,0.06789614356521038,0.01,0.01
2026-01-23,2026-01-23 04:00:00,2026-01-25 13:00:00,2,51.0,plant,0.0030972871263090134,0.032376120372911564,0.17992573588904823,0.05179222418730236,0.009166666666666667,0.009166666666666667
2026-01-23,2026-01-23 04:00:00,2026-01-25 14:00:00,2,52.0,plant,0.0034892102424423305,0.03408650934538317,0.2840869254138083,0.08860189993238062,0.01,0.01
2026-01-23,2026-01-23 04:00:00,2026-01-25 15:00:00,2,53.0,plant,0.010992208970500943,0.1248916127176634,0.4831703809449226,0.22550623321256583,0.01,0.01
2026-01-23,2026-01-23 04:00:00,2026-01-25 16:00:00,2,54.0,plant,0.013919476867014221,0.1567762694416937,0.559814828947466,0.2309749622893637,0.01,0.01
2026-01-23,2026-01-23 04:00:00,2026-01-25 17:00:00,2,55.0,plant,0.00979247645701329,0.19464342030257556,0.5596003946677411,0.2645373451378457,0.01,0.01
2026-01-23,2026-01-23 04:00:00,2026-01-25 18:00:00,2,56.0,plant,0.006485779778605536,0.24212349292097698,0.6294238894149956,0.2876551114846665,0.01,0.01
2026-01-23,2026-01-23 04:00:00,2026-01-25 19:00:00,2,57.0,plant,0.013625946262525834,0.2123897153635882,0.6241979375795419,0.29067599580001346,0.035,0.035
2026-01-23,2026-01-23 04:00:00,2026-01-25 20:00:00,2,58.0,plant,0.006064663598820742,0.17146308351404782,0.5087140376618213,0.23582332656810936,0.14083333333333334,0.14083333333333334
2026-01-23,2026-01-23 04:00:00,2026-01-25 21:00:00,2,59.0,plant,0.0023653686183540976,0.06879990064824469,0.39940902893604646,0.17217097424663733,0.20833333333333331,0.20833333333333331
2026-01-23,2026-01-23 04:00:00,2026-01-25 22:00:00,2,60.0,plant,0.0021216940458897715,0.029262870372305943,0.3490226603744938,0.11062349269963512,0.33166666666666667,0.33166666666666667
2026-01-23,2026-01-23 04:00:00,2026-01-25 23:00:00,2,61.0,plant,0.0040522382643232826,0.01803765780810975,0.07808855568490901,0.0535350896082557,0.5758333333333333,0.5758333333333333
2026-01-24,2026-01-24 04:00:00,2026-01-25 00:00:00,1,14.0,plant,0.5569887278136277,0.9562370229202514,0.9703705345469815,0.8374285772963795,0.9708333333333332,0.9708333333333332
2026-01-24,2026-01-24 04:00:00,2026-01-25 01:00:00,1,15.0,plant,0.4591365450051208,0.8771043275216865,0.9616472702226492,0.7743104760592563,0.5941666666666666,0.5941666666666666
2026-01-24,2026-01-24 04:00:00,2026-01-25 02:00:00,1,16.0,plant,0.391229595585208,0.8280646030361251,0.9649369666318762,0.7433747979704295,0.26666666666666666,0.26666666666666666
2026-01-24,2026-01-24 04:00:00,2026-01-25 03:00:00,1,17.0,plant,0.28646458273609177,0.7730181207062259,0.9771959684747031,0.7024150977719117,0.49250000000000005,0.49250000000000005
2026-01-24,2026-01-24 04:00:00,2026-01-25 04:00:00,1,18.0,plant,0.20478879798894137,0.6270043475635595,0.8660064089046278,0.5964335182945035,0.5741666666666667,0.5741666666666667
2026-01-24,2026-01-24 04:00:00,2026-01-25 05:00:00,1,19.0,plant,0.09678340538033461,0.5016747969829284,0.7629419795484682,0.5337508779974532,0.1366666666666667,0.1366666666666667
2026-01-24,2026-01-24 04:00:00,2026-01-25 06:00:00,1,20.0,plant,0.02759802547353512,0.21326224626582363,0.5825383571437055,0.23945272199311093,0.023333333333333334,0.023333333333333334
2026-01-24,2026-01-24 04:00:00,2026-01-25 07:00:00,1,21.0,plant,0.006621079633233607,0.09424114496891572,0.37877082057600253,0.1304428827903612,0.36583333333333334,0.36583333333333334
2026-01-24,2026-01-24 04:00:00,2026-01-25 08:00:00,1,22.0,plant,0.006829915385190386,0.04988673901379294,0.24482145831185978,0.08527396325890843,0.3616666666666667,0.3616666666666667
2026-01-24,2026-01-24 04:00:00,2026-01-25 09:00:00,1,23.0,plant,0.004820103788070097,0.01700282871871577,0.16662054174206983,0.058174538399447924,0.13916666666666666,0.13916666666666666
2026-01-24,2026-01-24 04:00:00,2026-01-25 10:00:00,1,24.0,plant,0.0,0.007885412091756118,0.09655562844855885,0.026489914083074502,0.06833333333333333,0.06833333333333333
2026-01-24,2026-01-24 04:00:00,2026-01-25 11:00:00,1,25.0,plant,0.00534599622886191,0.011308129474444418,0.08718850044638933,0.03379445255141024,0.006666666666666666,0.006666666666666666
2026-01-24,2026-01-24 04:00:00,2026-01-25 12:00:00,1,26.0,plant,0.00577207244963168,0.017586624970113915,0.14774665412376153,0.05037721549668559,0.01,0.01
2026-01-24,2026-01-24 04:00:00,2026-01-25 13:00:00,1,27.0,plant,0.005206956511955478,0.01331611706810782,0.09089490754748276,0.04962579910612484,0.009166666666666667,0.009166666666666667
2026-01-24,2026-01-24 04:00:00,2026-01-25 14:00:00,1,28.0,plant,0.006397153997486541,0.024788120995271078,0.15145919070401997,0.06526577609019109,0.01,0.01
2026-01-24,2026-01-24 04:00:00,2026-01-25 15:00:00,1,29.0,plant,0.007462646482733718,0.07203875890373672,0.24907728002061788,0.11412749561856089,0.01,0.01
2026-01-24,2026-01-24 04:00:00,2026-01-25 16:00:00,1,30.0,plant,0.007635709242749041,0.12473929924745203,0.34224538830417606,0.17716689153370713,0.01,0.01
2026-01-24,2026-01-24 04:00:00,2026-01-25 17:00:00,1,31.0,plant,0.004372204239155515,0.12709718259730904,0.33591597392251626,0.15631792579782425,0.01,0.01
2026-01-24,2026-01-24 04:00:00,2026-01-25 18:00:00,1,32.0,plant,0.005244062965688496,0.1510316718713931,0.31877892881722564,0.1714448505450174,0.01,0.01
2026-01-24,2026-01-24 04:00:00,2026-01-25 19:00:00,1,33.0,plant,0.005062879043582275,0.030631202514899925,0.1814770245575942,0.11627085956484087,0.035,0.035
2026-01-24,2026-01-24 04:00:00,2026-01-25 20:00:00,1,34.0,plant,0.005777928667215941,0.012614022536596917,0.21463579054621443,0.08790599193792413,0.14083333333333334,0.14083333333333334
2026-01-24,2026-01-24 04:00:00,2026-01-25 21:00:00,1,35.0,plant,0.005664772691745336,0.01342472309291241,0.1391636420384862,0.07413531609894698,0.20833333333333331,0.20833333333333331
2026-01-24,2026-01-24 04:00:00,2026-01-25 22:00:00,1,36.0,plant,0.005402358847689747,0.012118031473726545,0.062005327702398576,0.04895856480194749,0.33166666666666667,0.33166666666666667
2026-01-24,2026-01-24 04:00:00,2026-01-25 23:00:00,1,37.0,plant,0.005172518683140983,0.009487894602572091,0.07972485899602261,0.03659643155782754,0.5758333333333333,0.5758333333333333
2026-01-24,2026-01-24 04:00:00,2026-01-26 00:00:00,2,38.0,plant,0.003651190510260519,0.012027600139120615,0.13923763610308673,0.06972014555748762,0.2441666666666667,0.2441666666666667
2026-01-24,2026-01-24 04:00:00,2026-01-26 01:00:00,2,39.0,plant,0.005496602403724296,0.07661831756609774,0.23640329595187912,0.13363480033159678,0.20500000000000002,0.20500000000000002
2026-01-24,2026-01-24 04:00:00,2026-01-26 02:00:00,2,40.0,plant,0.007956989395351798,0.17127668103550237,0.5074211814906504,0.21215547917500252,0.3008333333333333,0.3008333333333333
2026-01-24,2026-01-24 04:00:00,2026-01-26 03:00:00,2,41.0,plant,0.04803077002959073,0.23530771087037994,0.5605107063390696,0.22992808894141495,0.3125,0.3125
2026-01-24,2026-01-24 04:00:00,2026-01-26 04:00:00,2,42.0,plant,0.09465313354265989,0.37851666756884456,0.7014350655592109,0.45860597766392275,0.24833333333333335,0.24833333333333335
2026-01-24,2026-01-24 04:00:00,2026-01-26 05:00:00,2,43.0,plant,0.09567496181850495,0.4104145925063119,0.7674361315506942,0.4723170485813645,0.5666666666666667,0.5666666666666667
2026-01-24,2026-01-24 04:00:00,2026-01-26 06:00:00,2,44.0,plant,0.10715356502647298,0.5023965735720753,0.7905687577964892,0.5603144147959754,0.2808333333333334,0.2808333333333334
2026-01-24,2026-01-24 04:00:00,2026-01-26 07:00:00,2,45.0,plant,0.1614231774158679,0.5220668003090875,0.8325407604929679,0.6074921754292456,0.23750000000000002,0.23750000000000002
2026-01-24,2026-01-24 04:00:00,2026-01-26 08:00:00,2,46.0,plant,0.18972841523935974,0.6613665391750089,0.8770935687183681,0.6594799323843381,0.25,0.25
2026-01-24,2026-01-24 04:00:00,2026-01-26 09:00:00,2,47.0,plant,0.24873556090396745,0.7434538537434263,0.9320779907222086,0.6584182677882295,0.23916666666666664,0.23916666666666664
2026-01-24,2026-01-24 04:00:00,2026-01-26 10:00:00,2,48.0,plant,0.27058192488174826,0.735969198219674,0.9459689545955265,0.6649322507414096,0.24416666666666664,0.24416666666666664
2026-01-24,2026-01-24 04:00:00,2026-01-26 11:00:00,2,49.0,plant,0.31116684049959065,0.7533571485781242,0.971830059544822,0.6639822109470013,0.49249999999999994,0.49249999999999994
2026-01-24,2026-01-24 04:00:00,2026-01-26 12:00:00,2,50.0,plant,0.5346748040607358,0.8275722873199909,0.9904883186727212,0.7323420433501945,0.8225,0.8225
2026-01-24,2026-01-24 04:00:00,2026-01-26 13:00:00,2,51.0,plant,0.5967300357319942,0.9203058336339711,0.9940321334081449,0.8130700696944767,0.795,0.795
2026-01-24,2026-01-24 04:00:00,2026-01-26 14:00:00,2,52.0,plant,0.5919610440069891,0.9360751868456693,0.9905270459087099,0.8340556096556242,0.7550000000000001,0.7550000000000001
2026-01-24,2026-01-24 04:00:00,2026-01-26 15:00:00,2,53.0,plant,0.5792952885018412,0.946340062368201,0.9965450453098568,0.8186693276163142,0.7050000000000001,0.7050000000000001
2026-01-24,2026-01-24 04:00:00,2026-01-26 16:00:00,2,54.0,plant,0.6118900602048628,0.9436397705504406,0.9916170572160588,0.8351670822844122,0.6575,0.6575
2026-01-24,2026-01-24 04:00:00,2026-01-26 17:00:00,2,55.0,plant,0.5268696085339968,0.8635097377866735,0.9932782999104426,0.7890682028388545,0.44166666666666665,0.44166666666666665
2026-01-24,2026-01-24 04:00:00,2026-01-26 18:00:00,2,56.0,plant,0.3024726028930271,0.7281146550548225,1.0,0.6963350170600257,0.56,0.56
2026-01-24,2026-01-24 04:00:00,2026-01-26 19:00:00,2,57.0,plant,0.2644715039642895,0.6245132850119983,0.9734007155866059,0.6023336028384368,0.8233333333333334,0.8233333333333334
2026-01-24,2026-01-24 04:00:00,2026-01-26 20:00:00,2,58.0,plant,0.21791548192969334,0.6118424342535267,0.9137036575237103,0.5881487247629039,0.3325,0.3325
2026-01-24,2026-01-24 04:00:00,2026-01-26 21:00:00,2,59.0,plant,0.20962088932436565,0.5580603449996407,0.8848388088645535,0.5371252355260117,0.16749999999999998,0.16749999999999998
2026-01-24,2026-01-24 04:00:00,2026-01-26 22:00:00,2,60.0,plant,0.1527331698440592,0.46651219279324396,0.8276322486925437,0.4685711900380422,0.6875,0.6875
2026-01-24,2026-01-24 04:00:00,2026-01-26 23:00:00,2,61.0,plant,0.12163947734064963,0.43278099701222467,0.7945812300460294,0.4129740203999992,0.9133333333333333,0.9133333333333333
2026-01-25,2026-01-25 04:00:00,2026-01-26 00:00:00,1,14.0,plant,0.005618007237074498,0.019456337383416865,0.12103120142382365,0.052757687433454645,0.2441666666666667,0.2441666666666667
2026-01-25,2026-01-25 04:00:00,2026-01-26 01:00:00,1,15.0,plant,0.0056538810258276095,0.09736381331729016,0.2776521372451516,0.12781775471489717,0.20500000000000002,0.20500000000000002
2026-01-25,2026-01-25 04:00:00,2026-01-26 02:00:00,1,16.0,plant,0.020837566249088918,0.18537463178397887,0.4515890245408333,0.20925576474487573,0.3008333333333333,0.3008333333333333
2026-01-25,2026-01-25 04:00:00,2026-01-26 03:00:00,1,17.0,plant,0.06284231586325507,0.3069646076024041,0.7072474555884971,0.45126810197625705,0.3125,0.3125
2026-01-25,2026-01-25 04:00:00,2026-01-26 04:00:00,1,18.0,plant,0.10512808764644511,0.3877663108518076,0.7474426972157959,0.45079483955780025,0.24833333333333335,0.24833333333333335
2026-01-25,2026-01-25 04:00:00,2026-01-26 05:00:00,1,19.0,plant,0.15989336907959534,0.5257784401215906,0.7714141511698127,0.5578193578735715,0.5666666666666667,0.5666666666666667
2026-01-25,2026-01-25 04:00:00,2026-01-26 06:00:00,1,20.0,plant,0.15640270878975326,0.5558829026413307,0.7885138872102833,0.5814543420038214,0.2808333333333334,0.2808333333333334
2026-01-25,2026-01-25 04:00:00,2026-01-26 07:00:00,1,21.0,plant,0.19606144406119544,0.7252418350472841,0.8461295258427896,0.7100875048236653,0.23750000000000002,0.23750000000000002
2026-01-25,2026-01-25 04:00:00,2026-01-26 08:00:00,1,22.0,plant,0.20921986910818027,0.6534115566271843,0.8995998800322319,0.5811550695256459,0.25,0.25
2026-01-25,2026-01-25 04:00:00,2026-01-26 09:00:00,1,23.0,plant,0.19779514053456454,0.6470450201214454,0.9123390682921462,0.6190851169791032,0.23916666666666664,0.23916666666666664
2026-01-25,2026-01-25 04:00:00,2026-01-26 10:00:00,1,24.0,plant,0.257392869822575,0.6533794922513251,0.9283540622722128,0.6500940573607533,0.24416666666666664,0.24416666666666664
2026-01-25,2026-01-25 04:00:00,2026-01-26 11:00:00,1,25.0,plant,0.26916697375980764,0.6749821085174957,0.9312214236525097,0.6421095199561506,0.49249999999999994,0.49249999999999994
2026-01-25,2026-01-25 04:00:00,2026-01-26 12:00:00,1,26.0,plant,0.30019471826921873,0.7405614964966812,0.964108488890662,0.712882793139766,0.8225,0.8225
2026-01-25,2026-01-25 04:00:00,2026-01-26 13:00:00,1,27.0,plant,0.37327531136076914,0.8041635514776589,0.9878752850806726,0.7660991379100154,0.795,0.795
2026-01-25,2026-01-25 04:00:00,2026-01-26 14:00:00,1,28.0,plant,0.41976731006964985,0.904135165787799,0.9909716652401667,0.805909293988509,0.7550000000000001,0.7550000000000001
2026-01-25,2026-01-25 04:00:00,2026-01-26 15:00:00,1,29.0,plant,0.42108472372401723,0.9398675894681131,0.9994561213501016,0.8013329710565114,0.7050000000000001,0.7050000000000001
2026-01-25,2026-01-25 04:00:00,2026-01-26 16:00:00,1,30.0,plant,0.4929138288831396,0.9451798550283155,1.0,0.8165651602465696,0.6575,0.6575
2026-01-25,2026-01-25 04:00:00,2026-01-26 17:00:00,1,31.0,plant,0.46071422546616747,0.8924240791041624,1.0,0.7713840109348525,0.44166666666666665,0.44166666666666665
2026-01-25,2026-01-25 04:00:00,2026-01-26 18:00:00,1,32.0,plant,0.31394967517292255,0.7241343012896231,0.9909448523542408,0.6822604828074406,0.56,0.56
2026-01-25,2026-01-25 04:00:00,2026-01-26 19:00:00,1,33.0,plant,0.2558073681762804,0.6507576931230892,0.9416892576036939,0.6400358685276929,0.8233333333333334,0.8233333333333334
2026-01-25,2026-01-25 04:00:00,2026-01-26 20:00:00,1,34.0,plant,0.18518661117055285,0.5589618397788093,0.8556938647055538,0.5948488552102363,0.3325,0.3325
2026-01-25,2026-01-25 04:00:00,2026-01-26 21:00:00,1,35.0,plant,0.12556370376494716,0.4742630750619373,0.7735247629661874,0.5080880690478403,0.16749999999999998,0.16749999999999998
2026-01-25,2026-01-25 04:00:00,2026-01-26 22:00:00,1,36.0,plant,0.09755269078682904,0.3721918195564906,0.698530721652456,0.38011548408925594,0.6875,0.6875
2026-01-25,2026-01-25 04:00:00,2026-01-26 23:00:00,1,37.0,plant,0.04605614461138326,0.3275417174714747,0.624953934579502,0.33309327006131256,0.9133333333333333,0.9133333333333333
2026-01-25,2026-01-25 04:00:00,2026-01-27 00:00:00,2,38.0,plant,0.016672173277406693,0.1775345691254781,0.5294894098625552,0.24969615246416527,0.6775,0.6775
2026-01-25,2026-01-25 04:00:00,2026-01-27 01:00:00,2,39.0,plant,0.013673909761238789,0.17782460080557355,0.547678421275744,0.24541737342450554,0.625,0.625
2026-01-25,2026-01-25 04:00:00,2026-01-27 02:00:00,2,40.0,plant,0.0029698008617322627,0.10433469639493341,0.47111150094867904,0.14358474827517742,0.485,0.485
2026-01-25,2026-01-25 04:00:00,2026-01-27 03:00:00,2,41.0,plant,0.0003568649231400385,0.06785472264715998,0.3873902748509247,0.12767404785291406,0.935,0.935
2026-01-25,2026-01-25 04:00:00,2026-01-27 04:00:00,2,42.0,plant,0.0,0.0863957149379887,0.3728169976149196,0.13676473473034753,0.6791666666666667,0.6791666666666667
2026-01-25,2026-01-25 04:00:00,2026-01-27 05:00:00,2,43.0,plant,0.0017374050426269688,0.041953379862682744,0.37825116103662765,0.14558144720799537,0.34750000000000003,0.34750000000000003
2026-01-25,2026-01-25 04:00:00,2026-01-27 06:00:00,2,44.0,plant,0.006258390409091629,0.04843150451396718,0.2831266532870021,0.14376527678158083,0.03,0.03
2026-01-25,2026-01-25 04:00:00,2026-01-27 07:00:00,2,45.0,plant,0.0034097992953587815,0.0422129089927295,0.17615580550086135,0.0681731591797745,0.013333333333333334,0.013333333333333334
2026-01-25,2026-01-25 04:00:00,2026-01-27 08:00:00,2,46.0,plant,0.002809818037081676,0.0165786688190798,0.18522131591564317,0.047665422501193246,0.01,0.01
2026-01-25,2026-01-25 04:00:00,2026-01-27 09:00:00,2,47.0,plant,0.0,0.008836214322030182,0.015968613676569023,0.025776146275216297,0.009166666666666667,0.009166666666666667
2026-01-25,2026-01-25 04:00:00,2026-01-27 10:00:00,2,48.0,plant,0.0,0.0019049316501285496,0.014244400373507358,0.022897150188655298,0.01,0.01
2026-01-25,2026-01-25 04:00:00,2026-01-27 11:00:00,2,49.0,plant,0.0,0.007644655894998271,0.02043412291798723,0.03042964371704196,0.01,0.01
2026-01-25,2026-01-25 04:00:00,2026-01-27 12:00:00,2,50.0,plant,0.0032939704288750407,0.016527274991944944,0.039126782578756264,0.047481012568760146,0.01,0.01
2026-01-25,2026-01-25 04:00:00,2026-01-27 13:00:00,2,51.0,plant,0.00251892563466062,0.012117970335308974,0.03408721066173024,0.047658484978076836,0.01,0.01
2026-01-25,2026-01-25 04:00:00,2026-01-27 14:00:00,2,52.0,plant,0.004746189201206765,0.012806799962443773,0.050148640401760466,0.04011447667964748,0.01,0.01
2026-01-25,2026-01-25 04:00:00,2026-01-27 15:00:00,2,53.0,plant,0.0038635457169281457,0.010545343801967026,0.03407281245802997,0.043883405937934356,0.01,0.01
2026-01-25,2026-01-25 04:00:00,2026-01-27 16:00:00,2,54.0,plant,0.003915149300529336,0.012074556205443846,0.06266068784674204,0.05584143339106145,0.01,0.01
2026-01-25,2026-01-25 04:00:00,2026-01-27 17:00:00,2,55.0,plant,0.003974409694892268,0.016711597395409308,0.09135648092704927,0.04680587436605495,0.01,0.01
2026-01-25,2026-01-25 04:00:00,2026-01-27 18:00:00,2,56.0,plant,0.003807399785405701,0.01251846766456043,0.06907564654150698,0.05778619091791103,0.01,0.01
2026-01-25,2026-01-25 04:00:00,2026-01-27 19:00:00,2,57.0,plant,0.0038603414437330544,0.01351099271442131,0.03195975753781488,0.04749490535372518,0.01,0.01
2026-01-25,2026-01-25 04:00:00,2026-01-27 20:00:00,2,58.0,plant,0.004003095871099993,0.011361637790881902,0.027858677094736037,0.051208523645251636,0.015,0.015
2026-01-25,2026-01-25 04:00:00,2026-01-27 21:00:00,2,59.0,plant,0.003990548565962533,0.010764788782997928,0.030119125546267084,0.061602465235062895,0.0075,0.0075
2026-01-25,2026-01-25 04:00:00,2026-01-27 22:00:00,2,60.0,plant,0.0038966638678103226,0.010491904725112699,0.016401426354368608,0.051671883939938636,0.009166666666666667,0.009166666666666667
2026-01-25,2026-01-25 04:00:00,2026-01-27 23:00:00,2,61.0,plant,0.0,0.009402363240891373,0.015571405567620947,0.044725213740812286,0.01,0.01
2026-01-26,2026-01-26 04:00:00,2026-01-27 00:00:00,1,14.0,plant,0.32587690296650307,0.6816843060240764,0.9164643213173528,0.6971798279449488,0.6775,0.6775
2026-01-26,2026-01-26 04:00:00,2026-01-27 01:00:00,1,15.0,plant,0.2629628363543567,0.5872674338376331,0.8703237464936612,0.5647145419788867,0.625,0.625
2026-01-26,2026-01-26 04:00:00,2026-01-27 02:00:00,1,16.0,plant,0.19404894978506232,0.5265271405793496,0.8219333823445059,0.4982842015329823,0.485,0.485
2026-01-26,2026-01-26 04:00:00,2026-01-27 03:00:00,1,17.0,plant,0.12443646519261588,0.4461565936176004,0.7119157331279616,0.4824363170663251,0.935,0.935
2026-01-26,2026-01-26 04:00:00,2026-01-27 04:00:00,1,18.0,plant,0.042914418464243535,0.32861146574798644,0.6144722906208686,0.36410402681799386,0.6791666666666667,0.6791666666666667
2026-01-26,2026-01-26 04:00:00,2026-01-27 05:00:00,1,19.0,plant,0.011297158369401362,0.1670981610900585,0.3832846499886718,0.18121635395804522,0.34750000000000003,0.34750000000000003
2026-01-26,2026-01-26 04:00:00,2026-01-27 06:00:00,1,20.0,plant,0.00424615508639573,0.06706237774366375,0.41204512724122067,0.17422491633615658,0.03,0.03
2026-01-26,2026-01-26 04:00:00,2026-01-27 07:00:00,1,21.0,plant,0.006451667102343292,0.029061410307525022,0.1491873117755076,0.09942785924045877,0.013333333333333334,0.013333333333333334
2026-01-26,2026-01-26 04:00:00,2026-01-27 08:00:00,1,22.0,plant,0.005902040839437296,0.014977770950604763,0.06610041338568079,0.05427039749768598,0.01,0.01
2026-01-26,2026-01-26 04:00:00,2026-01-27 09:00:00,1,23.0,plant,0.0014205453547577185,0.009842801634357143,0.023407117124836365,0.03662023303528191,0.009166666666666667,0.009166666666666667
2026-01-26,2026-01-26 04:00:00,2026-01-27 10:00:00,1,24.0,plant,0.0021599269254402535,0.008111907145342608,0.012378428811500378,0.03621068173145827,0.01,0.01
2026-01-26,2026-01-26 04:00:00,2026-01-27 11:00:00,1,25.0,plant,0.0,0.003915214953099401,0.013651641924693984,0.040180924616718496,0.01,0.01
2026-01-26,2026-01-26 04:00:00,2026-01-27 12:00:00,1,26.0,plant,0.0,0.009124802509601751,0.014118299454106135,0.0358333813888234,0.01,0.01
2026-01-26,2026-01-26 04:00:00,2026-01-27 13:00:00,1,27.0,plant,0.004016958996717252,0.008391441092131505,0.017036915855467606,0.02618449977412372,0.01,0.01
2026-01-26,2026-01-26 04:00:00,2026-01-27 14:00:00,1,28.0,plant,0.0,0.009145330723970505,0.016704585559897154,0.025969860141311734,0.01,0.01
2026-01-26,2026-01-26 04:00:00,2026-01-27 15:00:00,1,29.0,plant,0.0010900902002147824,0.009617406406838742,0.02811493916381055,0.04648227522538072,0.01,0.01
2026-01-26,2026-01-26 04:00:00,2026-01-27 16:00:00,1,30.0,plant,0.005689105599062096,0.03469049890503619,0.12952719826794562,0.06343348943994387,0.01,0.01
2026-01-26,2026-01-26 04:00:00,2026-01-27 17:00:00,1,31.0,plant,0.0057894997937241585,0.034882630627599887,0.12090228948465255,0.058431432673086627,0.01,0.01
2026-01-26,2026-01-26 04:00:00,2026-01-27 18:00:00,1,32.0,plant,0.00589495498310742,0.03588894947623415,0.1500981069966284,0.05963402613268698,0.01,0.01
2026-01-26,2026-01-26 04:00:00,2026-01-27 19:00:00,1,33.0,plant,0.005934022093507667,0.01821055018580807,0.12011716552372784,0.059808077621287856,0.01,0.01
2026-01-26,2026-01-26 04:00:00,2026-01-27 20:00:00,1,34.0,plant,0.005779136464916281,0.015432381928576778,0.03745103000312348,0.03318010899090823,0.015,0.015
2026-01-26,2026-01-26 04:00:00,2026-01-27 21:00:00,1,35.0,plant,0.005832003379286416,0.013600257652968455,0.06194920121829499,0.039467647639371016,0.0075,0.0075
2026-01-26,2026-01-26 04:00:00,2026-01-27 22:00:00,1,36.0,plant,0.005739299421013851,0.01173308524618166,0.03889712768126144,0.03810437771527301,0.009166666666666667,0.009166666666666667
2026-01-26,2026-01-26 04:00:00,2026-01-27 23:00:00,1,37.0,plant,0.005804365116862677,0.018555630223267887,0.0787351868348432,0.04657865056593995,0.01,0.01
2026-01-26,2026-01-26 04:00:00,2026-01-28 00:00:00,2,38.0,plant,0.0033294222894262064,0.012936139891438443,0.10503758984265706,0.07170462531736102,0.01,0.01
2026-01-26,2026-01-26 04:00:00,2026-01-28 01:00:00,2,39.0,plant,0.0034059252975165355,0.016398389299976585,0.12738703202927523,0.06712618956140008,0.01,0.01
2026-01-26,2026-01-26 04:00:00,2026-01-28 02:00:00,2,40.0,plant,0.0024076237644169675,0.008607980360404952,0.03943262117207082,0.04973106300266016,0.01,0.01
2026-01-26,2026-01-26 04:00:00,2026-01-28 03:00:00,2,41.0,plant,0.0,0.006151849099255742,0.11294428189090908,0.06715494748149736,0.01,0.01
2026-01-26,2026-01-26 04:00:00,2026-01-28 04:00:00,2,42.0,plant,0.0013278692643689822,0.029058636183763843,0.2220397447500975,0.1274776998822283,0.01,0.01
2026-01-26,2026-01-26 04:00:00,2026-01-28 05:00:00,2,43.0,plant,0.006066696926477005,0.02117347122688603,0.25033149856710346,0.1432054392860463,0.01,0.01
2026-01-26,2026-01-26 04:00:00,2026-01-28 06:00:00,2,44.0,plant,0.004156380155835973,0.056853840492371445,0.22615085168332952,0.11269733835550137,0.009166666666666667,0.009166666666666667
2026-01-26,2026-01-26 04:00:00,2026-01-28 07:00:00,2,45.0,plant,0.00450374289518887,0.10012898047711716,0.27482058921997243,0.1256714516961658,0.03333333333333333,0.03333333333333333
2026-01-26,2026-01-26 04:00:00,2026-01-28 08:00:00,2,46.0,plant,0.0044037017664395215,0.08805100182331518,0.37054292268187994,0.14121653332261278,0.035833333333333335,0.035833333333333335
2026-01-26,2026-01-26 04:00:00,2026-01-28 09:00:00,2,47.0,plant,0.00314226014185742,0.03457257223011366,0.21196984557954868,0.08798371750837551,0.01,0.01
2026-01-26,2026-01-26 04:00:00,2026-01-28 10:00:00,2,48.0,plant,0.0023763106952910456,0.023293824647979133,0.11858036258778196,0.05220559888668878,0.01,0.01
2026-01-26,2026-01-26 04:00:00,2026-01-28 11:00:00,2,49.0,plant,0.0030480133520665075,0.01828229131252119,0.12920805284225306,0.06858162137953429,0.01,0.01
2026-01-26,2026-01-26 04:00:00,2026-01-28 12:00:00,2,50.0,plant,0.003099577183404625,0.017577907477888566,0.12043335884846927,0.056813013007753654,0.01,0.01
2026-01-26,2026-01-26 04:00:00,2026-01-28 13:00:00,2,51.0,plant,0.0031333946311360656,0.02288332676402724,0.06317769574659672,0.05169719277373748,0.01,0.01
2026-01-26,2026-01-26 04:00:00,2026-01-28 14:00:00,2,52.0,plant,0.004112907585459894,0.036067526074341286,0.12690813741632342,0.06373492228691871,0.01,0.01
2026-01-26,2026-01-26 04:00:00,2026-01-28 15:00:00,2,53.0,plant,0.007085194311384604,0.058596285756466714,0.17839501798996388,0.09893090350202295,0.030833333333333334,0.030833333333333334
2026-01-26,2026-01-26 04:00:00,2026-01-28 16:00:00,2,54.0,plant,0.007242197602433504,0.1368197352166494,0.36778086191642045,0.1741545883374003,0.125,0.0675
2026-01-26,2026-01-26 04:00:00,2026-01-28 17:00:00,2,55.0,plant,0.010188841935213164,0.18182663833001705,0.6079479563039479,0.28084130870821084,0.16041666666666668,0.14333333333333334
2026-01-26,2026-01-26 04:00:00,2026-01-28 18:00:00,2,56.0,plant,0.02237591078807495,0.20366282238639571,0.5534244578215628,0.29686248343477306,0.16,0.16
2026-01-26,2026-01-26 04:00:00,2026-01-28 19:00:00,2,57.0,plant,0.017238461027169867,0.2483475394108771,0.6379765014522045,0.30568829722650803,0.4866666666666667,0.4866666666666667
2026-01-26,2026-01-26 04:00:00,2026-01-28 20:00:00,2,58.0,plant,0.007084060941148639,0.21355113421203056,0.5612814744605249,0.2752912995084462,0.7108333333333332,0.7108333333333332
2026-01-26,2026-01-26 04:00:00,2026-01-28 21:00:00,2,59.0,plant,0.014885105853667192,0.20864058158670734,0.5534256043788887,0.26123713448761804,0.47583333333333333,0.47583333333333333
2026-01-26,2026-01-26 04:00:00,2026-01-28 22:00:00,2,60.0,plant,0.004482490973039841,0.12734008926777982,0.4584369313036486,0.1978403555359658,0.32916666666666666,0.32916666666666666
2026-01-26,2026-01-26 04:00:00,2026-01-28 23:00:00,2,61.0,plant,0.0017659966224908659,0.09784468622318081,0.3806736759798196,0.16698328305104262,0.21583333333333332,0.21583333333333332
2026-01-27,2026-01-27 04:00:00,2026-01-28 00:00:00,1,14.0,plant,0.005237300530751966,0.034862611866712086,0.24264552852934504,0.10938595760687601,0.01,0.01
2026-01-27,2026-01-27 04:00:00,2026-01-28 01:00:00,1,15.0,plant,0.0049234578345065715,0.023049113423565144,0.22081684790611103,0.10441626298266339,0.01,0.01
2026-01-27,2026-01-27 04:00:00,2026-01-28 02:00:00,1,16.0,plant,0.0051473511588442525,0.010742436233582526,0.2510894692242417,0.09920730532885909,0.01,0.01
2026-01-27,2026-01-27 04:00:00,2026-01-28 03:00:00,1,17.0,plant,0.005440817074361348,0.015601906692664204,0.17705000776112378,0.09733380586282006,0.01,0.01
2026-01-27,2026-01-27 04:00:00,2026-01-28 04:00:00,1,18.0,plant,0.005416125609225944,0.017976258998287892,0.17701161498361936,0.09940568804948043,0.01,0.01
2026-01-27,2026-01-27 04:00:00,2026-01-28 05:00:00,1,19.0,plant,0.005491664581262414,0.025978328729462992,0.22676138204990332,0.11691851950106516,0.01,0.01
2026-01-27,2026-01-27 04:00:00,2026-01-28 06:00:00,1,20.0,plant,0.00535876745433292,0.03425094294918193,0.2594083148924641,0.14563503869727804,0.009166666666666667,0.009166666666666667
2026-01-27,2026-01-27 04:00:00,2026-01-28 07:00:00,1,21.0,plant,0.006571482252142896,0.1079419790447714,0.2657950264897964,0.1554708255747344,0.03333333333333333,0.03333333333333333
2026-01-27,2026-01-27 04:00:00,2026-01-28 08:00:00,1,22.0,plant,0.005476531253750495,0.06617763586611683,0.18032900852071343,0.10583094774257114,0.035833333333333335,0.035833333333333335
2026-01-27,2026-01-27 04:00:00,2026-01-28 09:00:00,1,23.0,plant,0.005441054278097054,0.023865777253760052,0.09919488637531496,0.08868416626820674,0.01,0.01
2026-01-27,2026-01-27 04:00:00,2026-01-28 10:00:00,1,24.0,plant,0.005139068631608581,0.01931919309629601,0.09473271137578035,0.06089489563956895,0.01,0.01
2026-01-27,2026-01-27 04:00:00,2026-01-28 11:00:00,1,25.0,plant,0.004700937040743415,0.025637662235300757,0.05697991035408719,0.06156415054684564,0.01,0.01
2026-01-27,2026-01-27 04:00:00,2026-01-28 12:00:00,1,26.0,plant,0.0053285790801638885,0.01678745871730118,0.05024353708184317,0.05637268297521124,0.01,0.01
2026-01-27,2026-01-27 04:00:00,2026-01-28 13:00:00,1,27.0,plant,0.0,0.008465981850536873,0.014392525592114364,0.04083872261123039,0.01,0.01
2026-01-27,2026-01-27 04:00:00,2026-01-28 14:00:00,1,28.0,plant,0.005380040157049949,0.018048634949396156,0.05974667570067612,0.05652113828904308,0.01,0.01
2026-01-27,2026-01-27 04:00:00,2026-01-28 15:00:00,1,29.0,plant,0.006046504647634792,0.03695678941469079,0.14709359638461628,0.06659908989440505,0.030833333333333334,0.030833333333333334
2026-01-27,2026-01-27 04:00:00,2026-01-28 16:00:00,1,30.0,plant,0.006438262910602346,0.07515283109805733,0.3698220132933121,0.12966253164114838,0.125,0.0675
2026-01-27,2026-01-27 04:00:00,2026-01-28 17:00:00,1,31.0,plant,0.013269898644066188,0.10276882484533009,0.24196012167789824,0.13939259270873744,0.16041666666666668,0.14333333333333334
2026-01-27,2026-01-27 04:00:00,2026-01-28 18:00:00,1,32.0,plant,0.009765419769471928,0.14387935384267303,0.49807269490528544,0.2627857029242789,0.16,0.16
2026-01-27,2026-01-27 04:00:00,2026-01-28 19:00:00,1,33.0,plant,0.0197008525074211,0.15962683427505445,0.47543123588231895,0.23796980470941984,0.4866666666666667,0.4866666666666667
2026-01-27,2026-01-27 04:00:00,2026-01-28 20:00:00,1,34.0,plant,0.023347978557470683,0.22371753146107118,0.5375880374314282,0.29514106740834084,0.7108333333333332,0.7108333333333332
2026-01-27,2026-01-27 04:00:00,2026-01-28 21:00:00,1,35.0,plant,0.0687793529437988,0.34513747361504404,0.6293927705365602,0.3969161125345777,0.47583333333333333,0.47583333333333333
2026-01-27,2026-01-27 04:00:00,2026-01-28 22:00:00,1,36.0,plant,0.08068045426989856,0.37864149077032827,0.7405441816563312,0.46059930480533956,0.32916666666666666,0.32916666666666666
2026-01-27,2026-01-27 04:00:00,2026-01-28 23:00:00,1,37.0,plant,0.07830188530569895,0.36586090050019077,0.6884634839732399,0.40220213435285457,0.21583333333333332,0.21583333333333332
2026-01-27,2026-01-27 04:00:00,2026-01-29 00:00:00,2,38.0,plant,0.04845355676678302,0.2450880042633227,0.5818179857139696,0.27972770340035435,0.2683333333333333,0.2683333333333333
2026-01-27,2026-01-27 04:00:00,2026-01-29 01:00:00,2,39.0,plant,0.005914568268954539,0.10551158002206071,0.4214941313760778,0.20057940832101273,0.14,0.14
2026-01-27,2026-01-27 04:00:00,2026-01-29 02:00:00,2,40.0,plant,0.005326956594187085,0.10884340057360015,0.3877449308260697,0.16959187909548168,0.19749999999999998,0.19749999999999998
2026-01-27,2026-01-27 04:00:00,2026-01-29 03:00:00,2,41.0,plant,0.008208914798984217,0.1240569797321016,0.33709888733680393,0.1580995794990187,0.2225,0.2225
2026-01-27,2026-01-27 04:00:00,2026-01-29 04:00:00,2,42.0,plant,0.008552018897165711,0.10523604493541604,0.3506363973790562,0.17126796589919258,0.16333333333333333,0.16333333333333333
2026-01-27,2026-01-27 04:00:00,2026-01-29 05:00:00,2,43.0,plant,0.004846512825666096,0.05537893502704924,0.2775079156680148,0.09227560806396602,0.03666666666666667,0.03666666666666667
2026-01-27,2026-01-27 04:00:00,2026-01-29 06:00:00,2,44.0,plant,0.0044799723582472336,0.050942764686207405,0.20103831199109656,0.06242214069527475,0.0125,0.0125
2026-01-27,2026-01-27 04:00:00,2026-01-29 07:00:00,2,45.0,plant,0.004972875692993405,0.04393464830194472,0.1709030220613667,0.054079280961669,0.011666666666666667,0.011666666666666667
2026-01-27,2026-01-27 04:00:00,2026-01-29 08:00:00,2,46.0,plant,0.004553213133427508,0.039880330976057185,0.0889460593392497,0.04476603290257881,0.01,0.01
2026-01-27,2026-01-27 04:00:00,2026-01-29 09:00:00,2,47.0,plant,0.003583032877487129,0.01716259702101276,0.08269945320797807,0.04036814804361866,0.0225,0.0225
2026-01-27,2026-01-27 04:00:00,2026-01-29 10:00:00,2,48.0,plant,0.0,0.008934930168126071,0.13692325543452302,0.07800812115860802,0.03916666666666667,0.03916666666666667
2026-01-27,2026-01-27 04:00:00,2026-01-29 11:00:00,2,49.0,plant,0.007511672167122255,0.08359068935509158,0.3797624215987851,0.13505137533978948,0.014166666666666668,0.014166666666666668
2026-01-27,2026-01-27 04:00:00,2026-01-29 12:00:00,2,50.0,plant,0.02457772231802606,0.22773354165322393,0.6556821504277959,0.2966791119693983,0.20749999999999996,0.20749999999999996
2026-01-27,2026-01-27 04:00:00,2026-01-29 13:00:00,2,51.0,plant,0.021123050270933506,0.2852379211357466,0.7652370168055945,0.3649872921334277,0.69,0.69
2026-01-27,2026-01-27 04:00:00,2026-01-29 14:00:00,2,52.0,plant,0.024437239059603166,0.32018485831108257,0.7715840644985356,0.38838697369370484,0.8591666666666666,0.8591666666666666
2026-01-27,2026-01-27 04:00:00,2026-01-29 15:00:00,2,53.0,plant,0.014916959865420791,0.3256241300830176,0.7873361820767005,0.3611688537105103,0.855,0.855
2026-01-27,2026-01-27 04:00:00,2026-01-29 16:00:00,2,54.0,plant,0.015237746415185098,0.37963161840474036,0.8600669940334063,0.34411116920344953,0.9491666666666666,0.9491666666666666
2026-01-27,2026-01-27 04:00:00,2026-01-29 17:00:00,2,55.0,plant,0.04428139577855775,0.4289779455062024,0.9741582330434888,0.49206023678580485,0.9641666666666667,0.9641666666666667
2026-01-27,2026-01-27 04:00:00,2026-01-29 18:00:00,2,56.0,plant,0.05794774848448905,0.46321876846162846,0.8606941003653719,0.5204189112712085,0.9033333333333333,0.9033333333333333
2026-01-27,2026-01-27 04:00:00,2026-01-29 19:00:00,2,57.0,plant,0.10820207712884793,0.454946745846518,0.857497700167542,0.4836517916549428,0.9224999999999999,0.9224999999999999
2026-01-27,2026-01-27 04:00:00,2026-01-29 20:00:00,2,58.0,plant,0.189831440960178,0.5661110309127068,0.9429088310937632,0.5551224640780533,0.9824999999999999,0.9824999999999999
2026-01-27,2026-01-27 04:00:00,2026-01-29 21:00:00,2,59.0,plant,0.3047475525754666,0.7200865380476922,0.9464924700369345,0.6635181238803469,0.9899999999999999,0.9899999999999999
2026-01-27,2026-01-27 04:00:00,2026-01-29 22:00:00,2,60.0,plant,0.45379222133439184,0.7992652767618499,0.9657308459483586,0.7495329820434753,0.9899999999999999,0.9899999999999999
2026-01-27,2026-01-27 04:00:00,2026-01-29 23:00:00,2,61.0,plant,0.5076183776913846,0.8674100884730398,0.9498713831844188,0.7715003067407427,0.9899999999999999,0.9899999999999999
2026-01-28,2026-01-28 04:00:00,2026-01-29 00:00:00,1,14.0,plant,0.07820400661702825,0.3978353486395162,0.7412530618151472,0.42108720918532083,0.2683333333333333,0.2683333333333333
2026-01-28,2026-01-28 04:00:00,2026-01-29 01:00:00,1,15.0,plant,0.02453652015759476,0.1595110020830763,0.4583461534317786,0.23961020286115567,0.14,0.14
2026-01-28,2026-01-28 04:00:00,2026-01-29 02:00:00,1,16.0,plant,0.010239346821069674,0.14066158985038477,0.35827948415263355,0.19183833465235445,0.19749999999999998,0.19749999999999998
2026-01-28,2026-01-28 04:00:00,2026-01-29 03:00:00,1,17.0,plant,0.012758979900060734,0.14863029251671242,0.328424017392335,0.16851360911385752,0.2225,0.2225
2026-01-28,2026-01-28 04:00:00,2026-01-29 04:00:00,1,18.0,plant,0.010480262201346294,0.10641015861021681,0.35569948312418964,0.14851429113743786,0.16333333333333333,0.16333333333333333
2026-01-28,2026-01-28 04:00:00,2026-01-29 05:00:00,1,19.0,plant,0.012925707546206162,0.12516264349351397,0.2996200458691288,0.14262647031694087,0.03666666666666667,0.03666666666666667
2026-01-28,2026-01-28 04:00:00,2026-01-29 06:00:00,1,20.0,plant,0.008339210838026485,0.07233623388994992,0.4059132701126026,0.17605465877444504,0.0125,0.0125
2026-01-28,2026-01-28 04:00:00,2026-01-29 07:00:00,1,21.0,plant,0.0067112268723154905,0.11468245987449222,0.3126090367011509,0.16571603999148452,0.011666666666666667,0.011666666666666667
2026-01-28,2026-01-28 04:00:00,2026-01-29 08:00:00,1,22.0,plant,0.009868431134662826,0.13118237088174017,0.338688370585971,0.1632395822722781,0.01,0.01
2026-01-28,2026-01-28 04:00:00,2026-01-29 09:00:00,1,23.0,plant,0.009219241307749041,0.13437046292715185,0.3563182761747961,0.15385281969373116,0.0225,0.0225
2026-01-28,2026-01-28 04:00:00,2026-01-29 10:00:00,1,24.0,plant,0.023039329291705272,0.1727894699639165,0.5210150573654857,0.20804306272694845,0.03916666666666667,0.03916666666666667
2026-01-28,2026-01-28 04:00:00,2026-01-29 11:00:00,1,25.0,plant,0.04862045564466232,0.27069058359490483,0.6170415855826152,0.3075503270338558,0.014166666666666668,0.014166666666666668
2026-01-28,2026-01-28 04:00:00,2026-01-29 12:00:00,1,26.0,plant,0.06965113156800827,0.38690105544603715,0.7634002272936086,0.4863288839351918,0.20749999999999996,0.20749999999999996
2026-01-28,2026-01-28 04:00:00,2026-01-29 13:00:00,1,27.0,plant,0.0836301749382103,0.49995961390803906,0.7736809103153632,0.5422458324411513,0.69,0.69
2026-01-28,2026-01-28 04:00:00,2026-01-29 14:00:00,1,28.0,plant,0.09006023077797705,0.5601342802839266,0.7733931135548832,0.6006616779517431,0.8591666666666666,0.8591666666666666
2026-01-28,2026-01-28 04:00:00,2026-01-29 15:00:00,1,29.0,plant,0.10591440506905958,0.6184265421791579,0.8123880010584724,0.6020567149725483,0.855,0.855
2026-01-28,2026-01-28 04:00:00,2026-01-29 16:00:00,1,30.0,plant,0.08847647654426959,0.5990740965974879,0.8854241067026893,0.626122356228588,0.9491666666666666,0.9491666666666666
2026-01-28,2026-01-28 04:00:00,2026-01-29 17:00:00,1,31.0,plant,0.10436166301158371,0.5638512969992635,0.8760208722201376,0.6041725122571651,0.9641666666666667,0.9641666666666667
2026-01-28,2026-01-28 04:00:00,2026-01-29 18:00:00,1,32.0,plant,0.14630239914509172,0.510358615585466,0.839398872000447,0.5664569336257221,0.9033333333333333,0.9033333333333333
2026-01-28,2026-01-28 04:00:00,2026-01-29 19:00:00,1,33.0,plant,0.1505534780170283,0.5332189990502629,0.8215717480725528,0.5477249614864793,0.9224999999999999,0.9224999999999999
2026-01-28,2026-01-28 04:00:00,2026-01-29 20:00:00,1,34.0,plant,0.16504912155780102,0.5285733811785519,0.890402754960921,0.5830419704404988,0.9824999999999999,0.9824999999999999
2026-01-28,2026-01-28 04:00:00,2026-01-29 21:00:00,1,35.0,plant,0.3245415524142948,0.6705406625005371,0.9250602390880818,0.6843036983703069,0.9899999999999999,0.9899999999999999
2026-01-28,2026-01-28 04:00:00,2026-01-29 22:00:00,1,36.0,plant,0.431951486273255,0.7559961677205113,0.9410699977194081,0.7483503142307029,0.9899999999999999,0.9899999999999999
2026-01-28,2026-01-28 04:00:00,2026-01-29 23:00:00,1,37.0,plant,0.5000584226459377,0.7961591606616275,0.9524950337901338,0.7611930265494062,0.9899999999999999,0.9899999999999999
2026-01-28,2026-01-28 04:00:00,2026-01-30 00:00:00,2,38.0,plant,0.5389749179976104,0.8477110504206092,0.9694391614277852,0.7901930396846344,0.8425,0.8425
2026-01-28,2026-01-28 04:00:00,2026-01-30 01:00:00,2,39.0,plant,0.5998369224139195,0.9010832082138075,0.9817613740538779,0.8072635366569437,0.6791666666666666,0.6791666666666666
2026-01-28,2026-01-28 04:00:00,2026-01-30 02:00:00,2,40.0,plant,0.5965636858219974,0.8962348817259548,0.9812277403524637,0.8160723544824016,0.6808333333333334,0.6808333333333334
2026-01-28,2026-01-28 04:00:00,2026-01-30 03:00:00,2,41.0,plant,0.5242850729654248,0.8701296816866959,0.9735209374870806,0.8095995971456726,0.48416666666666663,0.48416666666666663
2026-01-28,2026-01-28 04:00:00,2026-01-30 04:00:00,2,42.0,plant,0.558725300871937,0.8555757827872977,0.9662198888126757,0.810354090815275,0.4091666666666667,0.4091666666666667
2026-01-28,2026-01-28 04:00:00,2026-01-30 05:00:00,2,43.0,plant,0.6408496202847973,0.9006961115300868,0.9747864458542003,0.8502396955303466,0.7308333333333332,0.7308333333333332
2026-01-28,2026-01-28 04:00:00,2026-01-30 06:00:00,2,44.0,plant,0.7279942758213508,0.9229040236349623,0.9753575450867282,0.8729951175118252,0.6991666666666667,0.6991666666666667
2026-01-28,2026-01-28 04:00:00,2026-01-30 07:00:00,2,45.0,plant,0.8239410890524642,0.9506311203597737,0.9817843963020758,0.8896162775029569,0.5233333333333333,0.5233333333333333
2026-01-28,2026-01-28 04:00:00,2026-01-30 08:00:00,2,46.0,plant,0.8375948629260063,0.9645540535920879,0.9821162214589124,0.9062511903553957,0.5475,0.5475
2026-01-28,2026-01-28 04:00:00,2026-01-30 09:00:00,2,47.0,plant,0.8336621011516876,0.980532116677472,0.9866328776650193,0.9226790246954206,0.7983333333333333,0.7983333333333333
2026-01-28,2026-01-28 04:00:00,2026-01-30 10:00:00,2,48.0,plant,0.8979578345306838,0.9795807831036386,0.9921541024324391,0.9313395718924186,0.9441666666666667,0.9441666666666667
2026-01-28,2026-01-28 04:00:00,2026-01-30 11:00:00,2,49.0,plant,0.9015256082946386,0.9808062680048987,1.0,0.9421736364009422,0.9658333333333333,0.9658333333333333
2026-01-28,2026-01-28 04:00:00,2026-01-30 12:00:00,2,50.0,plant,0.9365174739919118,0.990463620799325,1.0,0.9537959132433468,0.9758333333333333,0.9758333333333333
2026-01-28,2026-01-28 04:00:00,2026-01-30 13:00:00,2,51.0,plant,0.9468758076623917,0.9831206790562318,1.0,0.9608634466667403,0.9841666666666666,0.9841666666666666
2026-01-28,2026-01-28 04:00:00,2026-01-30 14:00:00,2,52.0,plant,0.9648075465542681,0.9810202871271977,1.0,0.9664449271592387,0.9591666666666666,0.9591666666666666
2026-01-28,2026-01-28 04:00:00,2026-01-30 15:00:00,2,53.0,plant,0.9411964795702492,0.982645735952825,1.0,0.9677103264004683,0.9650000000000001,0.9650000000000001
2026-01-28,2026-01-28 04:00:00,2026-01-30 16:00:00,2,54.0,plant,0.8678721843119176,0.9808883468805542,1.0,0.9425940327239817,0.9491666666666667,0.9491666666666667
2026-01-28,2026-01-28 04:00:00,2026-01-30 17:00:00,2,55.0,plant,0.7886545252372558,0.9820352251059706,0.9889492606623302,0.9213111287599359,0.9733333333333333,0.9733333333333333
2026-01-28,2026-01-28 04:00:00,2026-01-30 18:00:00,2,56.0,plant,0.3268290956047389,0.8572515287756789,0.9890251811743407,0.7396372750880296,0.7675000000000001,0.7675000000000001
2026-01-28,2026-01-28 04:00:00,2026-01-30 19:00:00,2,57.0,plant,0.09105906866256909,0.7224573650152025,0.9792205093238971,0.6688393289819894,0.7849999999999999,0.7849999999999999
2026-01-28,2026-01-28 04:00:00,2026-01-30 20:00:00,2,58.0,plant,0.018884939704977934,0.47622587003513905,0.9293333093832212,0.5130797143130981,0.5716666666666667,0.5716666666666667
2026-01-28,2026-01-28 04:00:00,2026-01-30 21:00:00,2,59.0,plant,0.025826438549994713,0.3738232759145743,0.8721607048889385,0.43732521818483194,0.52,0.52
2026-01-28,2026-01-28 04:00:00,2026-01-30 22:00:00,2,60.0,plant,0.0033783726605374964,0.2545829558525185,0.6877737039702188,0.3000101641537584,0.27666666666666667,0.27666666666666667
2026-01-28,2026-01-28 04:00:00,2026-01-30 23:00:00,2,61.0,plant,0.0,0.16486275607470624,0.5773399094216962,0.2731340477232279,0.15,0.15
2026-01-29,2026-01-29 04:00:00,2026-01-30 00:00:00,1,14.0,plant,0.5707635141157034,0.9104214884240788,0.9569927092415871,0.7969745070830024,0.8425,0.8425
2026-01-29,2026-01-29 04:00:00,2026-01-30 01:00:00,1,15.0,plant,0.5788195264455956,0.8746509814369983,0.9668172574746225,0.778164631707893,0.6791666666666666,0.6791666666666666
2026-01-29,2026-01-29 04:00:00,2026-01-30 02:00:00,1,16.0,plant,0.6011729835232434,0.920525238580107,0.9709130312001345,0.8370322046746949,0.6808333333333334,0.6808333333333334
2026-01-29,2026-01-29 04:00:00,2026-01-30 03:00:00,1,17.0,plant,0.5816982323922176,0.9177794840226013,0.9685948095749737,0.8456848683366898,0.48416666666666663,0.48416666666666663
2026-01-29,2026-01-29 04:00:00,2026-01-30 04:00:00,1,18.0,plant,0.6065531277904957,0.9003768727031822,0.9703165953377846,0.8337720584309669,0.4091666666666667,0.4091666666666667
2026-01-29,2026-01-29 04:00:00,2026-01-30 05:00:00,1,19.0,plant,0.5168623301475199,0.8921397345188994,0.9712719871586882,0.8077590646920803,0.7308333333333332,0.7308333333333332
2026-01-29,2026-01-29 04:00:00,2026-01-30 06:00:00,1,20.0,plant,0.5291318757326952,0.8687648002620038,0.9647587880794268,0.7879060953005083,0.6991666666666667,0.6991666666666667
2026-01-29,2026-01-29 04:00:00,2026-01-30 07:00:00,1,21.0,plant,0.4880309728601569,0.8592742928905666,0.9685790707859412,0.7834128369077268,0.5233333333333333,0.5233333333333333
2026-01-29,2026-01-29 04:00:00,2026-01-30 08:00:00,1,22.0,plant,0.5314465613484981,0.8635698397962898,0.972819172913234,0.8258432845118259,0.5475,0.5475
2026-01-29,2026-01-29 04:00:00,2026-01-30 09:00:00,1,23.0,plant,0.7041451126771407,0.898992116451582,0.9735990537148023,0.8405685350935916,0.7983333333333333,0.7983333333333333
2026-01-29,2026-01-29 04:00:00,2026-01-30 10:00:00,1,24.0,plant,0.8202932393681641,0.9408516739357939,0.9790202659224736,0.8964529877059292,0.9441666666666667,0.9441666666666667
2026-01-29,2026-01-29 04:00:00,2026-01-30 11:00:00,1,25.0,plant,0.859188128621125,0.9821923668410869,0.9864256967164683,0.9328364697186832,0.9658333333333333,0.9658333333333333
2026-01-29,2026-01-29 04:00:00,2026-01-30 12:00:00,1,26.0,plant,0.9177996008701488,0.9901664911624347,1.0,0.9619000027269983,0.9758333333333333,0.9758333333333333
2026-01-29,2026-01-29 04:00:00,2026-01-30 13:00:00,1,27.0,plant,0.9707476781908418,0.9825297639152354,1.0,0.9742150816073016,0.9841666666666666,0.9841666666666666
2026-01-29,2026-01-29 04:00:00,2026-01-30 14:00:00,1,28.0,plant,0.9757973339905022,0.9800338414885005,0.9997921326216732,0.9697308041257112,0.9591666666666666,0.9591666666666666
2026-01-29,2026-01-29 04:00:00,2026-01-30 15:00:00,1,29.0,plant,0.967041736379555,0.98021875154275,0.9981783631463287,0.9771230044293221,0.9650000000000001,0.9650000000000001
2026-01-29,2026-01-29 04:00:00,2026-01-30 16:00:00,1,30.0,plant,0.9497315515366183,0.9810547795385541,0.9995270576986178,0.9719041498028824,0.9491666666666667,0.9491666666666667
2026-01-29,2026-01-29 04:00:00,2026-01-30 17:00:00,1,31.0,plant,0.6704960521518708,0.9785717603113281,0.9844659514250992,0.9097049302864834,0.9733333333333333,0.9733333333333333
2026-01-29,2026-01-29 04:00:00,2026-01-30 18:00:00,1,32.0,plant,0.17792389351259547,0.7391422059324722,0.9934211778744997,0.704160144807775,0.7675000000000001,0.7675000000000001
2026-01-29,2026-01-29 04:00:00,2026-01-30 19:00:00,1,33.0,plant,0.15538356258338787,0.5495451542676136,0.8615049371018346,0.5407621721950482,0.7849999999999999,0.7849999999999999
2026-01-29,2026-01-29 04:00:00,2026-01-30 20:00:00,1,34.0,plant,0.027256506490133385,0.3537085125813496,0.7214824402781103,0.3742746600337577,0.5716666666666667,0.5716666666666667
2026-01-29,2026-01-29 04:00:00,2026-01-30 21:00:00,1,35.0,plant,0.029758445398588566,0.2607234799443052,0.630292982592723,0.23924479816690705,0.52,0.52
2026-01-29,2026-01-29 04:00:00,2026-01-30 22:00:00,1,36.0,plant,0.0036308029052319526,0.1622853695836561,0.5051328766292464,0.15615804442948966,0.27666666666666667,0.27666666666666667
2026-01-29,2026-01-29 04:00:00,2026-01-30 23:00:00,1,37.0,plant,0.0,0.06835131270411567,0.4447852779310806,0.1103185242697866,0.15,0.15
2026-01-29,2026-01-29 04:00:00,2026-01-31 00:00:00,2,38.0,plant,0.0,0.056391195795633176,0.4214637789578995,0.11397871106737498,0.14583333333333334,0.14583333333333334
2026-01-29,2026-01-29 04:00:00,2026-01-31 01:00:00,2,39.0,plant,0.0,0.07146972486345107,0.4861597203190923,0.11676317082940463,0.13,0.13
2026-01-29,2026-01-29 04:00:00,2026-01-31 02:00:00,2,40.0,plant,0.013374657913260354,0.18632071996511465,0.5920920509153966,0.2385908896584779,0.17333333333333334,0.17333333333333334
2026-01-29,2026-01-29 04:00:00,2026-01-31 03:00:00,2,41.0,plant,0.034164767692449,0.3289572533614941,0.7634419308325517,0.3998936892760444,0.12583333333333332,0.12583333333333332
2026-01-29,2026-01-29 04:00:00,2026-01-31 04:00:00,2,42.0,plant,0.06702950317427588,0.4107387553324163,0.7775629954668927,0.4208045820247681,0.07500000000000001,0.07500000000000001
2026-01-29,2026-01-29 04:00:00,2026-01-31 05:00:00,2,43.0,plant,0.09741533763778748,0.5922075364555106,0.8438444706028944,0.513716049332761,0.10916666666666668,0.10916666666666668
2026-01-29,2026-01-29 04:00:00,2026-01-31 06:00:00,2,44.0,plant,0.2700125986628163,0.691352962503842,0.8967199463918838,0.5730096441546417,0.12416666666666666,0.12416666666666666
2026-01-29,2026-01-29 04:00:00,2026-01-31 07:00:00,2,45.0,plant,0.34205802637697375,0.6983508757575589,0.9399964060870357,0.6113434018293414,0.47583333333333333,0.47583333333333333
2026-01-29,2026-01-29 04:00:00,2026-01-31 08:00:00,2,46.0,plant,0.43621610776897923,0.7939212521296317,0.9508903856687065,0.6964350880232967,0.4908333333333333,0.4908333333333333
2026-01-29,2026-01-29 04:00:00,2026-01-31 09:00:00,2,47.0,plant,0.4652155558173044,0.8163323987549973,0.964289198885016,0.7293800717425478,0.59,0.59
2026-01-29,2026-01-29 04:00:00,2026-01-31 10:00:00,2,48.0,plant,0.6139435019693384,0.9288840171644641,0.9805655977381925,0.8778389409208428,0.9441666666666667,0.9441666666666667
2026-01-29,2026-01-29 04:00:00,2026-01-31 11:00:00,2,49.0,plant,0.6596637786687303,0.9595931143791712,0.9839329274764834,0.8825246189129823,0.9675,0.9675
2026-01-29,2026-01-29 04:00:00,2026-01-31 12:00:00,2,50.0,plant,0.6006725387718785,0.9263240691321655,0.981387046614861,0.8443747689804386,0.9475,0.9475
2026-01-29,2026-01-29 04:00:00,2026-01-31 13:00:00,2,51.0,plant,0.589234891656566,0.9234824999662573,0.9803705089831589,0.8597264661280231,0.9608333333333332,0.9608333333333332
2026-01-29,2026-01-29 04:00:00,2026-01-31 14:00:00,2,52.0,plant,0.5209837413252687,0.920989894264131,0.9785452719773385,0.8396300487298844,0.8858333333333333,0.8858333333333333
2026-01-29,2026-01-29 04:00:00,2026-01-31 15:00:00,2,53.0,plant,0.449488416188666,0.9224660384333868,0.9839876682250167,0.8220601315386643,0.8875,0.8875
2026-01-29,2026-01-29 04:00:00,2026-01-31 16:00:00,2,54.0,plant,0.44634991577171074,0.9235071510928574,0.9984799304499196,0.8148148443756945,0.8925000000000001,0.8925000000000001
2026-01-29,2026-01-29 04:00:00,2026-01-31 17:00:00,2,55.0,plant,0.4207653302748851,0.8662923006533637,0.9950268301627423,0.7818645702932954,0.8274999999999999,0.8274999999999999
2026-01-29,2026-01-29 04:00:00,2026-01-31 18:00:00,2,56.0,plant,0.18610859951082814,0.6151136585214463,0.9277147655297202,0.6178308677655653,0.8175000000000001,0.8175000000000001
2026-01-29,2026-01-29 04:00:00,2026-01-31 19:00:00,2,57.0,plant,0.08246398666081996,0.38014586457271893,0.796152143299624,0.3997764774210554,0.8525,0.8525
2026-01-29,2026-01-29 04:00:00,2026-01-31 20:00:00,2,58.0,plant,0.036330779293935654,0.27930522859125895,0.6088247720600458,0.3088445134775745,0.345,0.345
2026-01-29,2026-01-29 04:00:00,2026-01-31 21:00:00,2,59.0,plant,0.003938351469028181,0.135099186677477,0.4179649508379429,0.18189040783503552,0.028333333333333335,0.028333333333333335
2026-01-29,2026-01-29 04:00:00,2026-01-31 22:00:00,2,60.0,plant,0.0029231670826064702,0.07021510387743066,0.222160458307794,0.15230232097401633,0.018333333333333333,0.018333333333333333
2026-01-29,2026-01-29 04:00:00,2026-01-31 23:00:00,2,61.0,plant,0.002633686764148219,0.0466773847869333,0.2188877569739543,0.07279639664717126,0.19999999999999998,0.19999999999999998
2026-01-30,2026-01-30 04:00:00,2026-01-31 00:00:00,1,14.0,plant,0.22840310506532588,0.6242213943557074,0.8867848478597437,0.6117002736857554,0.14583333333333334,0.14583333333333334
2026-01-30,2026-01-30 04:00:00,2026-01-31 01:00:00,1,15.0,plant,0.23098234145121915,0.5799634088873735,0.8992020294140746,0.6048177160713233,0.13,0.13
2026-01-30,2026-01-30 04:00:00,2026-01-31 02:00:00,1,16.0,plant,0.2379975315490194,0.6221658214251651,0.9139121072976322,0.6134802207327384,0.17333333333333334,0.17333333333333334
2026-01-30,2026-01-30 04:00:00,2026-01-31 03:00:00,1,17.0,plant,0.2723148082889763,0.6936572237464985,0.9360581529194393,0.6602861516971886,0.12583333333333332,0.12583333333333332
2026-01-30,2026-01-30 04:00:00,2026-01-31 04:00:00,1,18.0,plant,0.3298788684706778,0.7842285029317445,0.9180879918942749,0.6558264819012161,0.07500000000000001,0.07500000000000001
2026-01-30,2026-01-30 04:00:00,2026-01-31 05:00:00,1,19.0,plant,0.3199807986595129,0.7795454853698356,0.9266255041554343,0.675075435063053,0.10916666666666668,0.10916666666666668
2026-01-30,2026-01-30 04:00:00,2026-01-31 06:00:00,1,20.0,plant,0.26486822431777235,0.805172365093141,0.9471121123729136,0.6418736713015131,0.12416666666666666,0.12416666666666666
2026-01-30,2026-01-30 04:00:00,2026-01-31 07:00:00,1,21.0,plant,0.3315842923150661,0.8222658346874293,0.9488765654919938,0.6444925536077702,0.47583333333333333,0.47583333333333333
2026-01-30,2026-01-30 04:00:00,2026-01-31 08:00:00,1,22.0,plant,0.3032811712185538,0.8136301612919867,0.9582197580779936,0.6651875545313428,0.4908333333333333,0.4908333333333333
2026-01-30,2026-01-30 04:00:00,2026-01-31 09:00:00,1,23.0,plant,0.3488128837546426,0.824304042918308,0.9609065250422,0.6645628556429601,0.59,0.59
2026-01-30,2026-01-30 04:00:00,2026-01-31 10:00:00,1,24.0,plant,0.43720544839729547,0.8195782044259323,0.9615061959276933,0.7027421321099645,0.9441666666666667,0.9441666666666667
2026-01-30,2026-01-30 04:00:00,2026-01-31 11:00:00,1,25.0,plant,0.6599099381103973,0.8975298439391357,0.9826808652042107,0.8546741410993991,0.9675,0.9675
2026-01-30,2026-01-30 04:00:00,2026-01-31 12:00:00,1,26.0,plant,0.4952022384714858,0.861259782319444,0.9838325881940105,0.8228271851278612,0.9475,0.9475
2026-01-30,2026-01-30 04:00:00,2026-01-31 13:00:00,1,27.0,plant,0.4523196408410079,0.8660221534743825,0.981349320396949,0.7961635133577346,0.9608333333333332,0.9608333333333332
2026-01-30,2026-01-30 04:00:00,2026-01-31 14:00:00,1,28.0,plant,0.3983271676048194,0.8877715969224154,0.9771070179686924,0.8327205442982798,0.8858333333333333,0.8858333333333333
2026-01-30,2026-01-30 04:00:00,2026-01-31 15:00:00,1,29.0,plant,0.3573995077065165,0.9184978998532118,0.9898402841020859,0.8373247544400603,0.8875,0.8875
2026-01-30,2026-01-30 04:00:00,2026-01-31 16:00:00,1,30.0,plant,0.30808182960988195,0.8128618779925049,0.9881433594506899,0.7351689392897909,0.8925000000000001,0.8925000000000001
2026-01-30,2026-01-30 04:00:00,2026-01-31 17:00:00,1,31.0,plant,0.27642013067275417,0.8186399347921252,0.999010281152284,0.7193202636875481,0.8274999999999999,0.8274999999999999
2026-01-30,2026-01-30 04:00:00,2026-01-31 18:00:00,1,32.0,plant,0.24315923615240978,0.7034764944129346,0.9604610488399485,0.6070873616224082,0.8175000000000001,0.8175000000000001
2026-01-30,2026-01-30 04:00:00,2026-01-31 19:00:00,1,33.0,plant,0.06747445200250787,0.4517732447170962,0.8371998094278035,0.4454511575464447,0.8525,0.8525
2026-01-30,2026-01-30 04:00:00,2026-01-31 20:00:00,1,34.0,plant,0.012329257844127643,0.21922039925551906,0.5010097774017706,0.2644330617493577,0.345,0.345
2026-01-30,2026-01-30 04:00:00,2026-01-31 21:00:00,1,35.0,plant,0.00590472974548823,0.07394790750504802,0.34630313227335585,0.11687277147255154,0.028333333333333335,0.028333333333333335
2026-01-30,2026-01-30 04:00:00,2026-01-31 22:00:00,1,36.0,plant,0.0032510130996826073,0.026108254359652135,0.13994923634706705,0.06538117913285234,0.018333333333333333,0.018333333333333333
2026-01-30,2026-01-30 04:00:00,2026-01-31 23:00:00,1,37.0,plant,0.0055595191772509584,0.021879426282394393,0.15637494854100586,0.05207567482354666,0.19999999999999998,0.19999999999999998
2026-01-30,2026-01-30 04:00:00,2026-02-01 00:00:00,2,38.0,plant,0.003955670134992445,0.01577643337095154,0.09666270673387925,0.040475051285566783,,
2026-01-30,2026-01-30 04:00:00,2026-02-01 01:00:00,2,39.0,plant,0.0029885420572069677,0.009334785219308608,0.08183912675734306,0.04132624612859656,,
2026-01-30,2026-01-30 04:00:00,2026-02-01 02:00:00,2,40.0,plant,0.0038463224740314167,0.01096267577958688,0.06246363149869214,0.03152163498359245,,
2026-01-30,2026-01-30 04:00:00,2026-02-01 03:00:00,2,41.0,plant,0.00551019890431761,0.017720133488026237,0.05026907755482828,0.047131449588987434,,
2026-01-30,2026-01-30 04:00:00,2026-02-01 04:00:00,2,42.0,plant,0.0,0.007659299355107615,0.014986605622309086,0.024167433698243486,,
2026-01-30,2026-01-30 04:00:00,2026-02-01 05:00:00,2,43.0,plant,0.003922473375334078,0.012247892875073002,0.16849948222243313,0.07412313936083115,,
2026-01-30,2026-01-30 04:00:00,2026-02-01 06:00:00,2,44.0,plant,0.0035767443583834676,0.014539463308008973,0.2081023394806891,0.08847558660853112,,
2026-01-30,2026-01-30 04:00:00,2026-02-01 07:00:00,2,45.0,plant,0.0,0.008671643270794319,0.2614974043842474,0.08430885429229355,,
2026-01-30,2026-01-30 04:00:00,2026-02-01 08:00:00,2,46.0,plant,0.0024190498359545716,0.01703619445795863,0.24514677437493282,0.08302726949558521,,
2026-01-30,2026-01-30 04:00:00,2026-02-01 09:00:00,2,47.0,plant,0.0039331880699615815,0.04838417483114992,0.3618878514792197,0.09964640742763425,,
2026-01-30,2026-01-30 04:00:00,2026-02-01 10:00:00,2,48.0,plant,0.00283688376519045,0.06000123016993706,0.3983233499267246,0.10540802308617016,,
2026-01-30,2026-01-30 04:00:00,2026-02-01 11:00:00,2,49.0,plant,0.006994288795332644,0.18633609936708612,0.7070012703365999,0.22495549494960415,,
2026-01-30,2026-01-30 04:00:00,2026-02-01 12:00:00,2,50.0,plant,0.0216347463427108,0.28734525642348635,0.8390105431057685,0.3410096119969983,,
2026-01-30,2026-01-30 04:00:00,2026-02-01 13:00:00,2,51.0,plant,0.026885810678357495,0.3509021024930682,0.8071755637051641,0.395811624292724,,
2026-01-30,2026-01-30 04:00:00,2026-02-01 14:00:00,2,52.0,plant,0.023566530544800887,0.2852771470186373,0.7875104748006565,0.32606421450434175,,
2026-01-30,2026-01-30 04:00:00,2026-02-01 15:00:00,2,53.0,plant,0.022615428474510896,0.27436597732102536,0.7752092055519536,0.3119686148499094,,
2026-01-30,2026-01-30 04:00:00,2026-02-01 16:00:00,2,54.0,plant,0.020988713655112404,0.29449987495383023,0.8401972827843998,0.3195721797784416,,
2026-01-30,2026-01-30 04:00:00,2026-02-01 17:00:00,2,55.0,plant,0.01911757277882235,0.23907558668110487,0.7069765382883151,0.3101015609609465,,
2026-01-30,2026-01-30 04:00:00,2026-02-01 18:00:00,2,56.0,plant,0.024022986064678675,0.1839786398888762,0.5704081713522932,0.25595628407353643,,
2026-01-30,2026-01-30 04:00:00,2026-02-01 19:00:00,2,57.0,plant,0.012736751395171053,0.19351884262538274,0.5226273628216618,0.21156924852320702,,
2026-01-30,2026-01-30 04:00:00,2026-02-01 20:00:00,2,58.0,plant,0.007469087731580059,0.11818879062324805,0.45355204685190464,0.17657520945391125,,
2026-01-30,2026-01-30 04:00:00,2026-02-01 21:00:00,2,59.0,plant,0.0014962370076094939,0.12641857098419015,0.45042534020806746,0.17700245217104763,,
2026-01-30,2026-01-30 04:00:00,2026-02-01 22:00:00,2,60.0,plant,0.007411153524267316,0.11179079418623016,0.4380161917319244,0.15625621780978868,,
2026-01-30,2026-01-30 04:00:00,2026-02-01 23:00:00,2,61.0,plant,0.005560639227574194,0.09537324397236557,0.43597243181118056,0.15087259510845022,,
